file	loc	classes	methods	sha256
!Docs/Scripting/helperlibrary.c	540	7	14	6fc906940c86f2310c203b6d4a611868e20a8dca2ef5fea56e610df4e78936f9
Scripts/Game/CRF_Define.c	2	0	0	4729eae734acfc8abd32c4e6f081dc3dcda94c8ee475bd66ba175ea7f7b9098e
Scripts/Game/Entities/CRF_MortarStrikeController.c	531	1	41	9a0bd5b5fb0c27960a9e36d41c6ac1eca01f247ef46f62dd4b692db55dc91b63
Scripts/Game/Entities/CRF_MortarStrikeController_Example.c	240	0	0	d4d2ade6192f875d7a59e872016e6d9a88697e712f709ca9cf24d21a7bcb7e4b
Scripts/Game/GameMode/CRF_Gamemode_Enums.c	18	1	0	a6e22506eb1f0dbef13980c4a5e983cfa7d1dabb5593b146a29ef7f26299dc29
Scripts/Game/GameMode/CRF_XPHandlerComponent.c	76	2	2	d7de3dbc947e0ef3517949b70f7d28febf25130918490523296007f393bebac0
Scripts/Game/GameMode/CacheHunt/CRF_CacheHuntTrigger.c	25	2	2	cdea2ec9811eaf458c8753cbb9fea20c43a6b8d611fb2e7433c1c12200f20458
Scripts/Game/GameMode/FrontLine/CRF_Frontline_Display.c	215	1	2	3854458e6bd96cdb33f3b5f7c3984b88af69cc4e7ff50b897cae10e148da411b
Scripts/Game/GameMode/FrontLine/CRF_Frontline_Game.c	820	2	29	9c3e4153439920617507acbd1cc2a4997e5b527f86266e47b4925252527efbd9
Scripts/Game/GameMode/High Value Target/CRF_HighValueTarget_Game.c	805	6	18	2d5be7ef96a7cf6dfc5eb8ea002b7d3c0e7260e8f62f8c93f5f6738f3656587b
Scripts/Game/GameMode/Insurgency/CRF_InsDesctrucitveComponent.c	246	2	12	4c4081573c6e031b331216a67b63580706f466a29aae6863a118585da3635225
Scripts/Game/GameMode/Insurgency/CRF_Insurgency_Game.c	458	2	27	52c83eee6f63018fc78497be2f11233435f78d2aaacc23ecc8186772159fca1a
Scripts/Game/GameMode/Raid/CRF_RaidGamemodeComponent.c	211	2	13	9bcdee527b2d1769488f6e5809cb5016598421ba892b9c1ae3c0b1c9f2f35cc7
Scripts/Game/GameMode/Raid/CRF_RaidItemComponent.c	130	2	7	7935d9df08be69a3b2164c11579db620cdc0f8571f180c940719e61f19557987
Scripts/Game/GameMode/Rush/CRF_Rush_3DMarkerComponent.c	525	2	22	7522fe925bbc10dcf4f352b12271cfeb5d1b2a1825ebe5b69802075b27549247
Scripts/Game/GameMode/Rush/CRF_Rush_DefuseBombAction.c	212	1	9	ad6594bfe9ad6c937da21dd9bce38661eac46c4ca58740ef765ca7b239510ec4
Scripts/Game/GameMode/Rush/CRF_Rush_Game.c	3529	4	165	2db9596a18abff39265344be4a4ba263eba4b845bfb5c97571d80364c9731cd4
Scripts/Game/GameMode/Rush/CRF_Rush_PlantBombAction.c	271	1	9	9e26064050795ae3e652fb6a4f0777c6e0fa74ec64e3382026418fbd0388ace6
Scripts/Game/GameMode/Search And Destroy/CRF_S&D_DefuseBombAction.c	65	1	5	3ec0a46dc3b0171dd22547da2c0010fec0beb952f59b434c16b880348346a1f4
Scripts/Game/GameMode/Search And Destroy/CRF_S&D_Display.c	77	1	1	1d1631926e0bb416805c2db0527d296bd91f0bc5ca0c6e7b2ade834e81211bc4
Scripts/Game/GameMode/Search And Destroy/CRF_S&D_Game.c	297	2	12	6d44297bb2be9e2b0cace33a8611cbc88d88ec0ef299a321725a062322dd4fb7
Scripts/Game/GameMode/Search And Destroy/CRF_S&D_PlantBombAction.c	74	1	6	349ebee3ad6a05959d9abc941a9dcd9e21f2efb915bb040e0d6bcce08be51f69
Scripts/Game/GameMode/Specials/CRF_SpawnCountdown.c	103	2	4	770861495a8defb3807653a23864ee42cfeeef4239fd88a75cd365e02fc4640f
Scripts/Game/GameMode/Specials/GunGame/CRF_GunGame.c	1138	7	42	a6092cd556fa67527643e32ba47b6db03ad8fedad9703b3e7e3902eaf3d7e523
Scripts/Game/GameMode/Specials/GunGame/VanillaOverrides/CRF_SCR_DamageManagerComponent.c	38	1	2	991ff4b977b9b8f6a92e87414db07f7e50ae31b4538e86eedc37366607130c1b
Scripts/Game/GameMode/Specials/GunGame/VanillaOverrides/CRF_SCR_EquipWeaponAction.c	11	1	1	1acbfd960439221d5295212c123d9244cb8b2c61f493e1d26e1759c709e23da4
Scripts/Game/GameMode/Specials/GunGame/VanillaOverrides/CRF_SCR_EquipWeaponHolsterAction.c	11	1	1	b709b01fdb643b24b98e0d3b7593fbde082ba23b552fa3fa0a0ce6cfb5cb81f7
Scripts/Game/GameMode/Specials/GunGame/VanillaOverrides/CRF_SCR_InventoryMenuUI.c	13	1	1	2967eefdb94adac56afaca2c3929e90be728d6acf37409937b498ec03b888639
Scripts/Game/GameMode/Specials/GunGame/VanillaOverrides/CRF_SCR_InventoryStorageManagerComponent.c	21	1	2	fb64b4e613de73dd16d9decafcb543bbd41f0ae1ce4db818310b9064ed29e185
Scripts/Game/GameMode/Specials/GunGame/VanillaOverrides/CRF_SCR_PickUpItemAction.c	11	1	1	2bcdee4213196892a471f91b32437915fad30f533bba8597ad1d39f6661f999d
Scripts/Game/GameMode/Specials/Looter/CRF_Looter_Game.c	490	12	24	ed030855f49d9dd25204afa94bd25b81ea77d8d03744953a7a585a160d609244
Scripts/Game/GameMode/Specials/Looter/VanillaOverrides/CRF_SCR_MapMenuUI.c	130	2	3	5ba98f6a44493575b6b8d040403775ec5bea9ea7e4caae060f3767dda45a7a25
Scripts/Game/GameMode/Specials/PropHunt/CRF_PropHunt.c	2264	3	81	73505d2a0e245526952435f74e181052042a44ca066c1529e20ca927fbc2f826
Scripts/Game/GameMode/Specials/PropHunt/CRF_PropHuntTransformMenu.c	485	4	16	c0921c359928776a6ccd692ae43e59ff5e10603589beb935625fa98d451057fd
Scripts/Game/GameMode/Specials/PropHunt/VanillaOverrides/CRF_PropHunt_PlayerRplToOwnerManager.c	344	1	7	2369b8db152ad59865eb292a19dd909ff99ced88f6317cbbf79960f96274dfad
Scripts/Game/GameMode/Specials/PropHunt/VanillaOverrides/CRF_PropHunt_SCR_DamageManagerComponent.c	140	1	1	91df67e5891c5ec2dbc87684540593bee1c6d6ee060f3b48b5a8ad525b87c46e
Scripts/Game/GameMode/Specials/SCR_BayonetEffectComponent_LungeMine.c	24	2	1	5e9dcab023e175255caf20773694f239f9d19a0b9cd3406e97bb83cfeceef4f6
Scripts/Game/GameMode/Supply Extraction/CRF_SupplyExtractionGame.c	223	2	8	a2a48c221d606190d20562f5b809bcec57755266a1d69f40f42d93c39685cf9a
Scripts/Game/Systems/Components/Airdrop/CRF_AirdropManager.c	408	4	18	9a00494dd3b68a32b8909ea15235ec6e1e46f734f9fb30b40b728c5ddd98f114
Scripts/Game/Systems/Components/BattleRoyale/CRF_BattleRoyaleComponent.c	1375	5	31	d33c6f90c98a4c1162d31e014bf4a7909af9df0499c612f4e9ccd9137210e476
Scripts/Game/Systems/Components/BattleRoyale/CRF_BattleRoyaleComponent_Display.c	380	1	7	340d80f74e5ea1091706e359410b1d9b78650c71c0e8280773efbca1851eb257
Scripts/Game/Systems/Components/CRF_Parachutes/CRF_ParachuteBackpackComponent.c	29	2	5	7475e6512daca59f2c625bcd5988ca7780f239e1a9a1921273556ccc876c265f
Scripts/Game/Systems/Components/CRF_Parachutes/CRF_ParachuteDeployedEntity.c	413	2	21	fd1b737a2f2728a5f5747f65c6ff4298d7fdb888b2dad9366cd26ece3d994e92
Scripts/Game/Systems/Components/CRF_Parachutes/CRF_ParachutePlayerComponent.c	657	2	31	d95bbe91156a1927da384686759d1b9e1e26084e7ef7faf8baffd236dc50d44e
Scripts/Game/Systems/Components/Character/CRF_BushMovementComponent.c	117	2	8	299ae05cae9f0782d21661a48de442aa0fa433d51a2f79cfbebb197122dd8755
Scripts/Game/Systems/Components/Entities/CRF_BulletLineComponent.c	119	2	0	58054cc06a6d7e2c8a1e25df1613dc25c94ea7ab3106e45ba2b714d28bf11b2d
Scripts/Game/Systems/Components/Entities/CRF_ObjectSpawner.c	58	2	4	eb50ffeb91e8d5d2dba218cd0dd0183d18148865ca526cbd78618be0e76df174
Scripts/Game/Systems/Components/Entities/CRF_SatchelEntity.c	50	2	3	245f23a96d84c02f37abe848b4eb041e8b0978326c41b28334682269ec570123
Scripts/Game/Systems/Components/Entities/CRF_SupplyArsnealComponent.c	172	2	8	3f38e8a0f984fe1af1739891dba70eebb2a7180a792b445f3cf6d90bd0b658b8
Scripts/Game/Systems/Components/Entities/Quack_Spawner.c	105	2	6	13890477f609b6875900164b645d416250bda1523f82eda180e0d9568a4505b6
Scripts/Game/Systems/Components/Entities/Quack_TimedVehicleTele.c	105	2	7	f834775398755c0b4774cff1b7200e7e7cfdc64d49bc5f95a0e314cbd2da8937
Scripts/Game/Systems/Components/LeadershipArsenal/CRF_LeadersArsenal.c	41	2	4	9fcc68afb249604084bb1e5cf3d1e9197629f6085615d0f131a6587b9c59b2a9
Scripts/Game/Systems/Components/Map/CRF_MapStagingComponent.c	1144	5	37	023c954200e7831b07af9e3c0a9f8f13b383b40a376234d1f17c728c0538a250
Scripts/Game/Systems/Components/Map/CRF_MapStagingComponent_Display.c	284	1	5	9bfd163b9367947222ca66479edb0685cf73caf44ef42d6279a5997481e99810
Scripts/Game/Systems/Components/Map/MapUnretarded.c	51	1	2	7f3c617c6466b2a66b7a015f1fba4e873a764fa3d12cdb239c3500e9292f4878
Scripts/Game/Systems/Components/Nuke/CRF_NukeSpawner.c	58	2	4	6acef5454730f0979d575f5428cd980b89680c514dd42d1ea40bc30363fcad95
Scripts/Game/Systems/Components/RallyPoints/CRF_Rallypoint_BuildingCompositionComponent.c	25	2	1	2aab9404fa4e95cb7e589adad7eadb38bb407b47e9a230bfef3f79dcefa92579
Scripts/Game/Systems/Components/SightArsenal/CRF_SightArsenalAction.c	38	1	4	601a1f2b4f9b25483a790f15bb0277fce28c3ebae3a180d67c3787f4ea1d318c
Scripts/Game/Systems/Components/SightArsenal/CRF_VehicleArsenalAction.c	79	1	8	a5a2efc92d264075f5829a4b6cc839a6b40ff884c2e9a7503fe9e4c7b6ca6d91
Scripts/Game/Systems/Components/SightArsenal/CRF_VehicleRearmAction.c	79	1	8	6892bf3739f1afbaef94b8df6445ba810cb159300a4841e643bb2c327a435e15
Scripts/Game/Systems/Components/VehicleDepot/CRF_DepotSpawnAction.c	239	1	8	f4e428537b80a75b60f70d6a17e23d7e038173e6a6e10cccb5974226dd9855f9
Scripts/Game/Systems/Components/VehicleDepot/CRF_VehicleDepot.c	1404	5	43	9eb6b2ed5c09151b1f8a8be5759b5a473981bc1a695a17d59d9b11108357b67b
Scripts/Game/Systems/Components/VehicleSpawning/CRF_CacheCreateAction.c	54	1	5	796eb4241a35a9656a038939529e069d10a4b784992074f242f5bf45b8b81739
Scripts/Game/Systems/Components/VehicleSpawning/CRF_VehicleSpawner.c	124	2	7	1288c825d2760722400007c8207b6e43f3e2fddb866f0cd61b6c52248b414422
Scripts/Game/Systems/Core/Containers & Configs/CRF_Enums.c	309	13	0	2dbb59c701828c3a194f3d56a862c2a71ee25a6f64acb25500c296d52e0f8ffb
Scripts/Game/Systems/Core/Containers & Configs/Configs/CRF_GearscriptConfig.c	324	15	0	e299d4903139c126b2cffeecb92c97ab5a83a0c4fd152a52d342980fe92105b8
Scripts/Game/Systems/Core/Containers & Configs/Configs/CRF_MissionDescriptor.c	18	1	0	8001d3474d0aaf29c3ae7668a988dc5b8f230a2dbe17f009c98711891c122018
Scripts/Game/Systems/Core/Containers & Configs/Configs/CRF_RoleConfig.c	61	2	4	a4295d9c66556deb78e6a086fab85cc8978f8da12670d0871d740c01a0f97a4f
Scripts/Game/Systems/Core/Containers & Configs/Configs/CRF_SlottingConfig.c	13	1	0	ec90c6583ff8ba7f2b1f970d2aa25587b376358d3e336ef11750e368c9fff3e7
Scripts/Game/Systems/Core/Containers & Configs/Configs/CRF_VehicleGearscriptConfig.c	54	4	0	20e29a49749ae648d2f6ff0d790d51bd17a8bc7e3371f7b280a9e70aa7206019
Scripts/Game/Systems/Core/Containers & Configs/JSON/CRF_BugReportConfig.c	76	2	5	c14a9646844954aef8496429b55090ddeca7a2c0565b523734a418aaa904cfbc
Scripts/Game/Systems/Core/Containers & Configs/JSON/CRF_DonatorConfig.c	70	2	4	62c19e9da569a4e2184d0d789b21be3b4c7a8ecc29ad2a8e99b7eb78b1af9bb6
Scripts/Game/Systems/Core/Containers & Configs/JSON/CRF_ModeratorConfig.c	70	2	4	325cb4c1caf623204ebb8d0930ab1e3b7dcfc699f8492e4c5e60e87a13fdf2f7
Scripts/Game/Systems/Core/Containers & Configs/Replicable Containers/CRF_SlotData.c	401	1	33	90b12e211866fff6be23b1f5d32b3a3b454b42d61a8efd12594a1d3755844f3e
Scripts/Game/Systems/Core/Containers & Configs/Replicable Containers/CRF_SpawnPointData.c	265	1	26	69d2bd939b1dde93640ccf45e30fdc6727964cc0f19ba2302db7f64ce06e3963
Scripts/Game/Systems/Core/Containers & Configs/Resources/CRF_ResourceCache.c	49	1	4	72f550c0d23cb01e558d6ba4195d7a131b1d06cfb23ea16d6e46e76e2706c1a4
Scripts/Game/Systems/Core/Containers & Configs/Resources/CRF_SightArsenalRegistry.c	184	2	8	3215f5cc0cbd0dab6662e93b7cc6abae8df5146397b735500337d4c4d812eee4
Scripts/Game/Systems/Core/Entities/CRF_Gamemode.c	777	3	29	ba807965f606f37a1732f931488882194f8ae2a9d592e487a406717b28e1e89e
Scripts/Game/Systems/Core/Entities/CRF_PlayerController.c	165	2	5	33f97080886ea80457854d6c0e92d73474aa4b0d73e2c6c59647533d426be26c
Scripts/Game/Systems/Core/Entities/CRF_SpectatorCamera.c	62	2	2	4390a08c37cb6a5cffdc9adf741c326379e9e00055e7435d7bbeda73b62ef2e3
Scripts/Game/Systems/Core/Entities/Characters/CRF_GearscriptCharacter.c	59	2	3	cbf57ce66cf0dfdd69232d65400de374c8f034da82b3defc34c910bf19412100
Scripts/Game/Systems/Core/Entities/Characters/CRF_PlayerCharacter.c	38	2	2	f0196b8b0692394daef304b5aea7d23103fecb5de8479f3cb873cb70efebdaf1
Scripts/Game/Systems/Core/Entities/Characters/CRF_SpectatorCharacter.c	62	2	3	dcdebfe0df6ba9c9263a11da3b1553490f21666f0014fc6f3a52399b0411fba3
Scripts/Game/Systems/Core/Entities/SpawnPoints/CRF_GroupSpawnPoint.c	27	2	1	d45e0640115118f28c93e8e01e6f0ae2bafd174b9bbaa63175e53b413b0160a2
Scripts/Game/Systems/Core/Entities/SpawnPoints/CRF_RallyPoint.c	95	2	5	d2534b741432600789ffd51c048b9881299fbae77fd1ba91a854c398710fc3cb
Scripts/Game/Systems/Core/Entities/SpawnPoints/CRF_StaticSpawnPoint.c	50	2	4	cc4b60468cfcaf6ba4a57460122c1c3ccaf1c97cb54cff97706065871253f60d
Scripts/Game/Systems/Core/Entities/SpawnPoints/CRF_VehicleSpawnPoint.c	50	2	4	0dfa47a294dc18643f844259c48bba0a94bc01029164b9bee2393388806eb7c5
Scripts/Game/Systems/Core/Helpers/CRF_ClothingHelper.c	133	1	3	27694b4814205c08e493bd30f567a480ca1c4dc1b10a125c6755a1bf79e2f736
Scripts/Game/Systems/Core/Helpers/CRF_DamageHelper.c	161	1	4	05be69776ac0bfb676339dc554be3e18bfadade6208483d21164e8039b8ec0b2
Scripts/Game/Systems/Core/Helpers/CRF_EntityHelper.c	137	1	11	bdd0a8c324637d874340812858974e47090567b0ee647a429ceaa14cdde7b593
Scripts/Game/Systems/Core/Helpers/CRF_InitializationHelper.c	61	1	1	73fc3f4a3888ea357920cc512e1b5112c8fd1b2133560f726b4bf1a76efff076
Scripts/Game/Systems/Core/Helpers/CRF_InventoryHelper.c	126	1	2	27ff07aba0289292984aed5e8ef6bc202a57d889eb7d204b09d348e8640db340
Scripts/Game/Systems/Core/Helpers/CRF_LoggingHelper.c	39	1	3	2f31c6f167a82fb95f35a53aac08fe97b797cb6aa65b3cacb43903c79bcc7285
Scripts/Game/Systems/Core/Helpers/CRF_MissionHelper.c	104	1	4	e216be13114ac5526b6fb48a837a5294f339d18f64b8dfdb5bcc330eef69dc77
Scripts/Game/Systems/Core/Helpers/CRF_PlayerHelper.c	44	1	3	87346e3a8855ce0f3b75de516559a17132921e9b7d15a383c3304adf34958c35
Scripts/Game/Systems/Core/Helpers/CRF_ReplicationHelper.c	168	1	9	c835ace5a9af3a47e06ee76e8be0083cd44b58a373730976e788e99f881310ce
Scripts/Game/Systems/Core/Helpers/CRF_RoleHelper.c	53	1	5	c7cda52c45278cdcb1aa98a9aaa79987faba77c361cb691831323c4930d8cdc4
Scripts/Game/Systems/Core/Helpers/CRF_WeaponHelper.c	263	1	9	0dff7f1486235c7c9821a486bae7771a790133251727797dbbf531bfd7219b5a
Scripts/Game/Systems/Core/Managers/Gamemode/CRF_CommunityTagManager.c	426	2	17	07082ae1e148ce8488355dc6d997f2363409e387c43a1a12e4d197ffe0ee94b6
Scripts/Game/Systems/Core/Managers/Gamemode/CRF_GamemodeManager.c	298	2	10	4bca07f9fd3a0b69fccc133407aa41ae03c219eef92acfa4bdc65d1b5ee5bb9b
Scripts/Game/Systems/Core/Managers/Gamemode/CRF_RespawnManager.c	1032	2	47	161f340b392d0f090af5bd5cf2df28eb36449beea9431965c884ae9955319b92
Scripts/Game/Systems/Core/Managers/Gamemode/CRF_SafestartManager.c	839	2	24	1b030fb4ebbda3e65d32fb1cbc059d92b26b6d0f4fbb154525094b65cc685cc6
Scripts/Game/Systems/Core/Managers/Gamemode/CRF_SlottingManager.c	725	2	42	748450398ad3c51f882e70aad3460173dd377eec18a2e3316346a9036f5201c0
Scripts/Game/Systems/Core/Managers/Gamemode/Gearscript/CRF_GearscriptManager.c	825	2	21	4045140c7f82788fcd6eb0d33adb1a079f748689689f0ed014eb0b8f35a8cfed
Scripts/Game/Systems/Core/Managers/Gamemode/Gearscript/CRF_VehicleGearscriptManager.c	1312	2	33	e10f9980e601c37525fa6b28d81a94c3c32c3e55fe67502e4124387c2b689ae2
Scripts/Game/Systems/Core/Managers/Gamemode/Misc/CRF_ForwardDeployManager.c	142	3	9	5857e0f04420ee28242a72454c1c95f3312ec2e49f7d1a7de4afd8cdc51c71fd
Scripts/Game/Systems/Core/Managers/Gamemode/Misc/CRF_GarbageManager.c	73	2	4	35693e6f6a397a2229ef2c87be86dedbcda373f2f82f2516c7356f83446faee7
Scripts/Game/Systems/Core/Managers/Gamemode/Misc/CRF_LoggingManager.c	888	2	25	f1c5228e4044729b3ea5be91735040745bdea366fde7add788883158ec0051e6
Scripts/Game/Systems/Core/Managers/Gamemode/Misc/CRF_MissionValidatorManager.c	672	2	22	759ebd798d2853bda7f978ab69ca058483827831bf105600683cd93917a3a07b
Scripts/Game/Systems/Core/Managers/Gamemode/Misc/CRF_PermissionManager.c	98	2	7	1182960fd0941147c58eef97506d1f7b27ceb693bf124458c879743e42d751a2
Scripts/Game/Systems/Core/Managers/Gamemode/Misc/CRF_PersistenceManager.c	525	2	20	821b4f6aef8b7dbbc57e774a93e760e9e9bfcdd354f05ecc6a720b423a252f62
Scripts/Game/Systems/Core/Managers/Gamemode/Replication/CRF_BandwidthTelemetryManager.c	345	3	21	c2d2fdc916de47421f311e1d3493c8dcedbbb5dbe7ec41d7e1ce29bb12818740
Scripts/Game/Systems/Core/Managers/Gamemode/Replication/CRF_RplBroadcastManager.c	2192	3	126	868acbbdf9c848e7413bdda6ad465a06b763d3f5ce0a791595f12f7fe0353bdc
Scripts/Game/Systems/Core/Managers/Gamemode/UI/CRF_AdminMenuManager.c	287	5	19	99c84777cefc1ac8f4c3592fc4ea15c1bdc3f59a7ef6d076e9b450ab799cd0b1
Scripts/Game/Systems/Core/Managers/Gamemode/UI/CRF_GameTimerManager.c	79	2	6	e058a7f37fbd739ab32742daf824eddab7dd2679e0b8b5b38517354bcbcd9707
Scripts/Game/Systems/Core/Managers/Gamemode/UI/CRF_GroupLeaderMarkerManager.c	985	3	33	50cea5d9761e43318d1afd6d0215c0201cd9a91bfd4569fe687fedc3e834b56f
Scripts/Game/Systems/Core/Managers/Gamemode/UI/CRF_MenuManager.c	325	2	17	8d3c7a564202258357ebfc6403f382390b7a8325480b31d1cf1c5f8da24a2818
Scripts/Game/Systems/Core/Managers/PlayerController/CRF_PlayerCameraManager.c	377	2	16	86259b7b7c01fb1a596bbbc003c12f20793c0b89a85d25f02b0ad38e705e1933
Scripts/Game/Systems/Core/Managers/PlayerController/CRF_PlayerControllerManager.c	154	2	6	53feb66e32c99f2eb3c1f071d013482ef710b5afadb23db0180593a53b4be74f
Scripts/Game/Systems/Core/Managers/PlayerController/Misc/CRF_PlayerChatCommandManager.c	373	2	10	5941d8ec91e7a589b4bf7a9ef110b2a929058890d427cc7f1c8bc81244fe4a80
Scripts/Game/Systems/Core/Managers/PlayerController/Misc/CRF_PlayerKeybindManager.c	108	2	7	caed45bf34a579560057c21e79a6c94d49a77e5863d88d5732904cef125eeac9
Scripts/Game/Systems/Core/Managers/PlayerController/Misc/CRF_PlayerSettingsManager.c	82	2	8	f273cf3d6d0a9fc270d2c08f608a442046b280171409b80d0bd9f060cb461f0a
Scripts/Game/Systems/Core/Managers/PlayerController/Replication/CRF_PlayerRplToAuthorityManager.c	2479	2	151	f2f50c88217e5475763d1e4b603747e067801a53154d5fcf8cb69b2ba37d4629
Scripts/Game/Systems/Core/Managers/PlayerController/Replication/CRF_PlayerRplToOwnerManager.c	264	2	21	2fab740de202449a4390413f7204b7920c478fd5ee90d1a6cf5d7a66a11a319c
Scripts/Game/Systems/Core/Managers/PlayerController/UI/CRF_PlayerMenuManager.c	106	2	6	abdd1ac01c6798134b54909a6272c886d718942c169fc9559f8f244cb56ecc17
Scripts/Game/Systems/Core/Managers/PlayerController/UI/CRF_PlayerPolyZoneManager.c	257	3	12	7cca1658020b9c797bca1cab0aeb1dd919136c557139677e243d7289714bda68
Scripts/Game/Systems/Core/Managers/PlayerController/UI/CRF_PlayerScriptedMarkerManager.c	109	2	8	b5fa754558ce87916ad086a42ed672924740cef4e0ff323bda7f1a3787d78cf0
Scripts/Game/Systems/ModdedOverrides/ACE/CRF_ACE_Carrying_BaseUserAction.c	25	1	1	7fdc17aa9dffdf8f029516a3a60f5877381cfea4b611403ae441eaef96b2213a
Scripts/Game/Systems/ModdedOverrides/ACE/CRF_ACE_Carrying_SCR_CharacterControllerComponent.c	40	1	2	a92f8f7d10268bec967da1dd8517b395f79fb31c5144b152499d09a596c40e49
Scripts/Game/Systems/ModdedOverrides/Bacon/CRF_Bacon_PlaySoundComponent.c	28	1	3	ecc34715b1788b5711d00258b03568c7cd530f9f8d6c4e7b7230004a83c68311
Scripts/Game/Systems/ModdedOverrides/CRF_CVON_GamemodeOverride.c	25	1	1	1329aea20be0b4b9924dda2c2a0a9da6d78251c1f643047ccfc75f693a4a5188
Scripts/Game/Systems/ModdedOverrides/CRF_SCR_NoiseFilterEffect.c	22	1	1	77eefd69a7f60e3c2c90fe65ac09eb29cdb835adadc5e68162a0a442f22f3e3f
Scripts/Game/Systems/ModdedOverrides/CSI/CRF_CSI_HUD.c	28	1	1	404d1aa02111d8a41df2341b6546597d52509bea60fc3f399c6823452e8967b9
Scripts/Game/Systems/ModdedOverrides/CVON/CRF_CVON_GroupsManagerComponent.c	204	1	2	266d8b2682c6464c7e9224b80d57b882f9692757921caa1a96ab9c60620fee65
Scripts/Game/Systems/ModdedOverrides/CVON/CRF_CVON_RadioComponent.c	71	1	1	0c06d5e44a96f1ce886a19e5a7d84fb30615c3564926c6487f7d01a63478fe69
Scripts/Game/Systems/ModdedOverrides/CVON/CRF_CVON_VONController.c	501	1	13	da1fec6717ebded5c06df0dc280e1f3629a185926c210e94969c10f329ecf1e4
Scripts/Game/Systems/ModdedOverrides/CVON/CRF_CVON_VONGameModeComponent.c	64	1	4	d4824f4d8ea35fef8af9477ba7a5595fade9c32f74a516bffd6c73a78e146ee7
Scripts/Game/Systems/ModdedOverrides/GC/CRF_GC_SuppressionSystem.c	53	1	4	870df3f12f400f5dd4f2fed87b5b272137853990d72bdd7a60554520d5162ba7
Scripts/Game/Systems/ModdedOverrides/LM/CRF_LM_SuppressionScreenEffect.c	48	1	3	abc31b5c01f54c45cb91be6f416f4154a6061817758b4bf5487e79d0df32f19c
Scripts/Game/Systems/ModdedOverrides/Parachute/CRF_ParachuteComponent.c	68	1	3	6984ef442d66db53260a9bc9f93b78056a271cd9bde951b749245efe8ad20688
Scripts/Game/Systems/Persistence/Serializers/Entities/CRF_VehicleSpawnerSerializer.c	81	1	3	e9c27002a27e738914111fbda0414aba660573987d2293bcc600c4e5056d1112
Scripts/Game/Systems/Persistence/Serializers/States/CRF_GamemodeSerializer.c	61	2	3	78ef7aa742830108492c6c556c09b3b0419b86415132a6390ffe890e0a1508b3
Scripts/Game/Systems/Persistence/Serializers/States/CRF_RespawnManagerSerializer.c	79	2	3	5a2b3a717ac12c6863985802b837eb6821415efd63d1695491ff730e01e1efe0
Scripts/Game/Systems/Persistence/Serializers/States/CRF_SlottingManagerSerializer.c	145	2	3	d2530b441fb7f095c796ede57cde1968b4cef56ba607cdbc194bcecd244ac933
Scripts/Game/Systems/UI/Actions/CRF_TeleportPlayerAction.c	87	1	3	1516e0e40c76f0312541b44af4e4c0d69ae38ae34ce8a82adae8eb773e2a01cf
Scripts/Game/Systems/UI/Actions/CRF_TeleportPlayerActionPostSafestart.c	98	1	4	e11ca88c99714ea2838f9054c74d9cb864accf7c9c8cf30fcd63f31e248e2afb
Scripts/Game/Systems/UI/Actions/CRF_ToggleSatchelType.c	88	1	5	1ec8285fc21d510d69b5c42e1f67114c91f68a7a2297beac29da370c8bd733d9
Scripts/Game/Systems/UI/CustomListbox/CRF_ListBoxComponent.c	370	1	12	fb0b4567c423e36c7aaa41f3f118c4aad0f448b76b12964896a8d8b1b04f1cb2
Scripts/Game/Systems/UI/CustomListbox/CRF_ListboxElementComponent.c	471	1	37	f3a0fe9539d84240a55d79dc04669641311fdb6feb68708babc1e756c5937a13
Scripts/Game/Systems/UI/CustomListbox/CRF_SCR_ListBoxComponent.c	57	1	6	98701f2a7c18c4452e7bfaaccbe6c2ced2ab48655169e2ef5180b9262583448e
Scripts/Game/Systems/UI/CustomListbox/CRF_SCR_ListBoxElementComponent.c	71	1	4	dd423defd30e1aea8258c464a8a1a11634aa2bdf9c20efb3ae70a611a94e2916
Scripts/Game/Systems/UI/HUDs/CRF_AARStatsHUD.c	170	2	6	6986399b989737ff63dc4e5faf5b531841c3ae43d9510c4f026022c5fa9f81c2
Scripts/Game/Systems/UI/HUDs/CRF_GameTimerDisplay.c	445	1	11	a53902e52cbaecaec0d1127dbb534ad20e3a1a37e26d91c9db481de3d6f7b2b4
Scripts/Game/Systems/UI/HUDs/CRF_Hint.c	119	1	5	b21f9ebd721dc181d7530e95fd83bb023732fab5abfefd4a6fe379253beb9579
Scripts/Game/Systems/UI/HUDs/CRF_Outro.c	133	1	9	574359509017e30f3e64e988ea7930baa8f7a81cb52355a4936eef9cc09b42f4
Scripts/Game/Systems/UI/HUDs/CRF_PopUpNotification.c	107	1	1	fc36489c75abe14398be9eaf5a25d74353ccfad7d4542fff05005bfa67dfa7b9
Scripts/Game/Systems/UI/HUDs/CRF_SafeStartDisplay.c	350	1	10	907d63c99bd0d4b3fe9b18e72804baa403ac57ed0f9378d79d0f1f70b41a1546
Scripts/Game/Systems/UI/HUDs/CRF_SafeStartInfoDisplay.c	521	1	6	8cff4a4afb172cfd06870a414a2894899021a4551ae4c59eaa845d8c84081f48
Scripts/Game/Systems/UI/MapMarkers/CRF_MapMarker.c	257	1	8	71042631476758720e90acef9f36e713bceed9a0841c3c639f3988b64db84f48
Scripts/Game/Systems/UI/MapMarkers/ManualMarkers/CRF_EditableMarkerComponent.c	98	2	15	c0fae79d5a9fb2cb896f44aeff01f754ea779581ce1e2490c271f2bff8458f6b
Scripts/Game/Systems/UI/MapMarkers/ManualMarkers/CRF_ManuaMarker.c	430	2	36	61412a68ec5ff7cdce4aae6c5aeabe092c89a5f5c767cf495b49480f991ed95a
Scripts/Game/Systems/UI/MapMarkers/ManualMarkers/CRF_ManuaMarkerRender.c	24	2	2	e78fa7a0c1e60efd6786c036d28a35dc9c520865db0cfd2988af584741cb80ed
Scripts/Game/Systems/UI/MapMarkers/ManualMarkers/CRF_ManualMarkerComponent.c	188	1	12	4f8fde81533190bfd0d50e2781b4b1ed06c16994797d495d77ffefccbc06c5bc
Scripts/Game/Systems/UI/MapMarkers/ManualMarkers/CRF_ManualMarkerRenderComponent.c	93	1	9	cf1c3ef6cafc23d1fc45289ba524ff70b8ea43f1c7c22f0dcf65586101126ca5
Scripts/Game/Systems/UI/MapMarkers/ManualMarkers/CRF_MarkerMakerConfig.c	64	4	0	343f98c0fb4d2f4c6810dc25aae27389b28844ace145933c019b2199764e26de
Scripts/Game/Systems/UI/MapMarkers/ManualMarkers/CRF_MissionMarker.c	12	2	0	7098bca0bae2bec460539f3061de8a3c9760c400633bee1489ffe1fc45838ecb
Scripts/Game/Systems/UI/MapMarkers/ManualMarkers/CRF_MissionMarkerComponent.c	141	1	7	13de696c12f5623badf82b593fbc7e4602ceed19856efcfdccee4fe009ba8880
Scripts/Game/Systems/UI/MapMarkers/PolyZone/CRF_InsurgencyPolyZone.c	187	2	11	ccf16cecbabcbb52583146e04536d77d40b9ba42be5241f26aa6cbd8f0647ff7
Scripts/Game/Systems/UI/MapMarkers/PolyZone/CRF_PolyZone.c	325	2	10	6ef38aa77270637233e106351cab70a54754c615ec0e34987c15c269871dcde8
Scripts/Game/Systems/UI/MapMarkers/PolyZone/CRF_PolyZoneEffectHandler.c	82	2	6	239a1e5ea305f77c4be5837a9331b35443aad4d3832fd5cbeed503c729019a56
Scripts/Game/Systems/UI/MapMarkers/PolyZone/CRF_PolyZoneFactionCheck.c	29	2	1	f2da397b782fe12518947e7d29c3e088766a99dd05b721598e60110684a66724
Scripts/Game/Systems/UI/MapMarkers/PolyZone/CRF_PolyZoneHUD.c	85	1	5	4db81a9c3333b6657a48ea461404a111a3ed5b6621516f970164535f01b49fae
Scripts/Game/Systems/UI/MapMarkers/PolyZone/CRF_PolyZoneMeshComponent.c	77	2	3	e1a3dbf014f869054f3d63dc7594f76e3296b4fda619cb84ec02821c47c0d1d4
Scripts/Game/Systems/UI/MapMarkers/PolyZone/CRF_PolyZoneTrigger.c	189	2	5	9fcfeeeaa64efd573477b3595cd2ebd6f13cd6901ac80d6fb06a7e6687207719
Scripts/Game/Systems/UI/MapMarkers/PolyZone/EffectHUD/CRF_PolyZoneEffectHUD.c	43	1	6	a5a2f4b114201d0e6c62020bb738c3ca1ee60af1f24551126f34646a07883d0f
Scripts/Game/Systems/UI/MapMarkers/PolyZone/EffectHUD/CRF_PolyZoneEffectHUDRestrictedZone.c	8	1	1	f703780210886e87ae0f05a2f8a87652cd420eaf0e882f8ce2b9f0f4f9996813
Scripts/Game/Systems/UI/MapMarkers/PolyZone/EffectHUD/CRF_PolyZoneEffectScreenBlure.c	7	1	1	a1d0c90b1f261d2d4fffbd579979593697171e09cdec493b06b093abc4b0da67
Scripts/Game/Systems/UI/MapMarkers/PolyZone/Effects/CRF_PolyZoneEffect.c	57	2	8	eb2f33ece5d69fada046d09201c9e56cee591138e65c6be58f3ae6f456a7e028
Scripts/Game/Systems/UI/MapMarkers/PolyZone/Effects/CRF_PolyZoneEffectFactionRestricted.c	50	1	6	7c96d0847b086376f9fa276a2eef7ad5a7a30da9a3b3f41af479ff705937d0cf
Scripts/Game/Systems/UI/MapMarkers/PolyZone/Effects/CRF_PolyZoneEffectScreenBlure.c	32	1	5	6f8d91d1883ce340d80ee890c467a628dd3ab39d552f3ebea22d394a37de85f6
Scripts/Game/Systems/UI/Menus/CRF_AARMenu.c	922	1	40	297a7e510727a0f85dd261834dd55267973d6d792595d32453b184234eab7d8b
Scripts/Game/Systems/UI/Menus/CRF_AdminMenuUI.c	2305	2	85	98108d61219c2764088eae382a34e5aa117a660e1893645863980d007f8c1bc7
Scripts/Game/Systems/UI/Menus/CRF_BriefingMenu.c	766	1	39	f9de31b311c7d3d97c64bcd29ed794fc7822fc1de36ea319221067d21a00cbbf
Scripts/Game/Systems/UI/Menus/CRF_CharacterLoading.c	44	1	4	7f9e7d77d4663a1908b43cde418227b9b8ee98bf4bc6fc81ba05b457eeb6ea6d
Scripts/Game/Systems/UI/Menus/CRF_EditorMenuUI.c	84	1	7	8f813753f415c65e457e4979f3cebf5084a2ff4e49add930589f04b7d4ae5d4f
Scripts/Game/Systems/UI/Menus/CRF_MiniArsenal.c	475	1	12	a8c1da1258d6444ae9574ea38f8c6ad02cb3dd4fa7ee576b11d7568528088c2c
Scripts/Game/Systems/UI/Menus/CRF_MiniArsenalCategoryButton.c	9	1	0	78ed29b5cd56133049dd58bf16055bf36121283afaa2c4a947dde22f7ec0a34f
Scripts/Game/Systems/UI/Menus/CRF_MiniArsenalItemButton.c	12	1	0	3da0a67d538a2c66040f47a88e09f3bf0107bf01891869a7ad58578d22b26bde
Scripts/Game/Systems/UI/Menus/CRF_PauseMenuUI.c	45	1	2	636465672383d86f90bd1a2e563d9af0609ee6473197f1804028a42a3740a758
Scripts/Game/Systems/UI/Menus/CRF_RespawnMenu.c	473	1	28	09af6315ca8bb6223c5dbdf93973dac908473b2a7b1d0e40dd8bc63d88eeedbe
Scripts/Game/Systems/UI/Menus/CRF_SCR_MapLightUI.c	23	1	1	a9c4630ce609349661948b493458467e184dcebf0919498ad9bd064ad3630e42
Scripts/Game/Systems/UI/Menus/CRF_SightArsenal.c	568	1	11	37ee0281ff4537a1d5b7605a77d7b953dc552327b68d02cb0437a5dbbabcc344
Scripts/Game/Systems/UI/Menus/CRF_SightArsenalItemButton.c	5	1	0	9499ed126bad006f3cff8d0456d6257774043ef19d6dc09291fb2800758b5e01
Scripts/Game/Systems/UI/Menus/CRF_SlottingMenu.c	2051	1	78	a33fc617706afb3989f85f1a3cd8531c947738a486d2bf3e91da1a0c49a8db70
Scripts/Game/Systems/UI/Menus/CRF_SupplyArsenal.c	850	1	24	cd7341e0ba90822fde80218442a600d09c198d27e2d8f6db58a3b7e281880f06
Scripts/Game/Systems/UI/Menus/CRF_SupplyArsenalVehicle.c	258	1	12	0871edd30fa861ad7355b31c804c8c6df9367d0a04f21c97ef7f67676a3617f8
Scripts/Game/Systems/UI/Menus/CRF_SupplyNotification.c	5	1	0	9d61cb3ce85b7982a4e1f89d2cc21b55f90de61e0e5f995c230c0591d61ef96d
Scripts/Game/Systems/UI/Menus/Spectator/CRF_SpectatorMenu.c	2521	1	77	0635a1eb9a23374c472d562bb43e30abfdab628d23a0e18bab77f1bafb3dad36
Scripts/Game/Systems/UI/Menus/Spectator/Elements/CRF_EntityInfoDisplay.c	288	1	2	e4fcbd896bfd3145bf0f023dae0e391edf7a05464350ea4a4c1b53482e584e8b
Scripts/Game/Systems/UI/Menus/Spectator/Elements/Icons/CRF_SpectatorLabelIcon.c	245	1	10	e731c9bab0d81ea8693db599bccbf036d45b1bb8b27394cb03eabe06b5e4848d
Scripts/Game/Systems/UI/Menus/Spectator/Elements/Icons/CRF_SpectatorLabelIconCharacter.c	339	1	14	8d132528ca6abab2505aae397cb48772cc50cd033dd24355990997f6c749687c
Scripts/Game/Systems/UI/Menus/Spectator/Elements/Icons/CRF_SpectatorLabelIconGroup.c	587	1	13	e7743ffdf0ce1beda0cab5d1fadc04d7633e2dd71e745e3552a840754ddf8a36
Scripts/Game/Systems/VanillaOverrides/Actions/CRF_SCR_OpenVehicleStorageAction_Faction.c	98	1	4	84d32cdd5c41e0ca321e78e0c9489f2aa09cdf0f5d52a53f2a10e8d8019757c9
Scripts/Game/Systems/VanillaOverrides/CRF_Attributes.c	50	1	2	85994f89d288f40bf05a38481f76ebb416965ef4048c8b88f71b594260d63fc1
Scripts/Game/Systems/VanillaOverrides/CRF_SCR_AIGroupInfoComponent.c	18	1	1	a2e2cf94627f91a6667e50a3489c68df5888327a0ec187041b005b5e80217f26
Scripts/Game/Systems/VanillaOverrides/CRF_SCR_AIGroups.c	178	1	5	f2ccb665e3265c527bb5f54e81718c905f990c298680cb3ca3b9acbb99fdb968
Scripts/Game/Systems/VanillaOverrides/CRF_SCR_BaseCompartmentManagerComponent.c	97	1	2	0ec985641d858d77325221cb51b04cecb825329580a82ed1e5cca05ba99a6047
Scripts/Game/Systems/VanillaOverrides/CRF_SCR_Faction.c	157	1	6	c5599baa177b3cd474e83855ffeca1d8f36dac7099e92b3235cef575d3a81ae4
Scripts/Game/Systems/VanillaOverrides/CRF_SCR_FactionCallsignInfo.c	19	2	2	eef9dec6978936f90ebe574507cd760253fa92b1f6c2844ae29889044683dfbf
Scripts/Game/Systems/VanillaOverrides/CRF_SCR_FactionManager.c	244	1	10	d7e902fa8be025fc4d938fe2ae18947e36bbf248af688996061dc64723cc1a81
Scripts/Game/Systems/VanillaOverrides/CRF_SCR_ItemPlacementComponent.c	25	1	1	a40047c38d3196b92233c7af48ac88d076740ec17ecd550eb850a1ce55ae0a16
Scripts/Game/Systems/VanillaOverrides/CRF_SCR_MissionHeader.c	8	1	0	2780505dcd188e3b25010332ae667817d0c5af9b2376721d98884adfb2b01486
Scripts/Game/Systems/VanillaOverrides/CRF_SCR_PossessSpawnHandlerComponent.c	33	1	2	70905deba9ee60ec3f84afb0537787f536156c225c31d27d390b056f2224a5cb
Scripts/Game/Systems/VanillaOverrides/CRF_SCR_SeizingComponent.c	128	1	2	83e9c8d1e199525acf77d3d25a90d85146980efef3262917b83b88dc4bbdf225
Scripts/Game/Systems/VanillaOverrides/CRF_SCR_TimeAndWeatherHandlerComponent.c	17	1	3	2634e46e8d1644fe428ecf2085bbaff21c2f9ede5f593244131cd467ea0acbef
Scripts/Game/Systems/VanillaOverrides/CRF_SCR_Vehicle.c	106	1	6	08f1d53d169d5ef9e8b7e74a82432a15f256e3ca7095d28fc948ea0bc9ebdeab
Scripts/Game/Systems/VanillaOverrides/Character/CRF_SCR_CharacterStaminaComponent.c	23	1	1	8234116cb464ad167afdfa2be3aebd934eea5f3d23e199d4d9e889cc7d61708a
Scripts/Game/Systems/VanillaOverrides/Character/CRF_SCR_MeleeComponent.c	7	1	1	b597414486f18ecfd8718b6bee421d568ebc86a7dec580bcc3cfba66dc281860
Scripts/Game/Systems/VanillaOverrides/DataCollector/CRF_SCR_DataCollectorComponent.c	442	1	14	5e6ad5708178e61c40c550982ebced30894c7796a7c0265e59a0489ce3a28cab
Scripts/Game/Systems/VanillaOverrides/DataCollector/CRF_SCR_DataCollectorModule.c	12	1	1	36412516e3856a1f9b18c3079ba3ca61f5b7b724b059ccb228d3fad745a44cf5
Scripts/Game/Systems/VanillaOverrides/Inventory/CRF_SCR_CharacterInventoryStorageComponent.c	23	1	1	5fd0e1f4150c054ab7e88476e4833d844ea9b9c6565e7b2f21d56830508bf82d
Scripts/Game/Systems/VanillaOverrides/Inventory/CRF_SCR_InventoryMenuUI.c	61	1	3	f0e8644bd59fe6bca578fb5eb60bd388a5d34e8c6150e373b6e7a52ba50a58a6
Scripts/Game/Systems/VanillaOverrides/Inventory/CRF_SCR_InventoryStorageManagerComponent.c	108	1	3	63bae9c50207f57e84399c1457eaee727e951461161b15e66c31830fa03b29bf
Scripts/Game/Systems/VanillaOverrides/Inventory/CRF_SCR_OpenStorageAction.c	56	2	2	580f9d708e435e83bad758505503e1864e73ebfa94400d74168037f2348d7b7d
Scripts/Game/Systems/VanillaOverrides/Managers/CRF_SCR_CharacterDamageManagerComponent.c	108	1	3	02252b40bc2c98eb0c6df16ef4e33738f7f176aa596d8195698b58e12e8723a6
Scripts/Game/Systems/VanillaOverrides/Managers/CRF_SCR_EditorManagerEntity.c	186	1	5	7222ccd11661c68e1b9e7340b2ffa1c29280bc7e34f2c224e92d371232b6caf3
Scripts/Game/Systems/VanillaOverrides/Managers/CRF_SCR_GroupsManagerComponent.c	42	1	1	31e1c1d08651e492b03895ffb623659de2a0f6b0035f8b6372fc67aeb71cbf07
Scripts/Game/Systems/VanillaOverrides/Managers/CRF_SCR_MapMarkerManagerComponent.c	161	1	9	b1ec20e5123fc2ba47e66e87ce35f6c643d36336d701b1e1364522bdec71b05e
Scripts/Game/Systems/VanillaOverrides/Managers/CRF_SCR_VehicleDamageManagerComponent.c	29	1	1	d7e8ebd7cac3d923d70d9a4e68f5e939ca22b2aec8da674ee4bcc60180df887c
Scripts/Game/Systems/VanillaOverrides/MapBriefing/CRF_SCR_MapMenuUI.c	254	1	5	5e81f9e69df07e8272bb277c4a9bd430f6b6c41cef8cd24a2e9b269839309b56
Scripts/Game/Systems/VanillaOverrides/Respawn/CRF_SCR_SpawnRequestComponent.c	108	1	2	c19b612e44203830c36997e08dc0a0e57d08d49c3fbdf0c68f68142da4dc7d85
Scripts/Game/Systems/VanillaOverrides/Settings/CRF_SettingsEnforcement.c	132	2	2	99c3b6d0b84d77823782d67140d7df618d5614c7fb5b9efd6e055083ff407c00
Scripts/Game/Systems/VanillaOverrides/UI/CRF_SCR_ChatPanel.c	155	1	4	4f7a3e4af25978cae87a5ead309b66d60a8c8dabba1a7b335c58b9ac15d8e392
Scripts/Game/Systems/VanillaOverrides/UI/CRF_SCR_EditorPingInfoDisplay.c	32	1	1	6e853d9f6085fc66187332c1677ea3bff3c4e44d1698bc5e1ae42c8f45bc9ee7
Scripts/Game/Systems/VanillaOverrides/UI/CRF_SCR_GameOverScreenManagerComponent.c	15	1	1	77c68027157ae78e5058b8b09cd1dfd114da797add0c2328b5f071c8edc3100f
Scripts/Game/Systems/VanillaOverrides/UI/CRF_SCR_InventoryMenuUI.c	59	1	2	1e42c2cb3a5ff95f949c882c89dad190e2d197c6043f4004a0dae001c3ee1159
Scripts/Game/Systems/VanillaOverrides/UI/CRF_SCR_MapMarkerBase.c	121	1	8	7810c9b2619a1d32b8af1d6b393a53baf917575d17950b6c2c2edd54bea4bbe4
Scripts/Game/Systems/VanillaOverrides/UI/CRF_SCR_MapMarkerSquadLeaderComponent.c	16	1	2	e161c738696cb3c643a2296fc50127385e3ff8c40dc489d5acf3f0b1699cedde
Scripts/Game/Systems/VanillaOverrides/UI/CRF_SCR_MapMarkersUI.c	60	1	3	938d2942d524764ebf80bdf65ab3b0c3a1b4ec7e2920aaa586d6a04f72069ff2
Scripts/Game/Systems/VanillaOverrides/UI/CRF_SCR_NTTextBase.c	32	1	1	6334d579d8af37702d721154d65ab605eb70b58b2f5231af88b02deee389b9bb
Scripts/Game/Systems/VanillaOverrides/UI/CRF_SCR_NotificationSenderComponent.c	74	1	5	a7d9bbcefd725361681f88a7925582aaa34e86dfd9604e13af8fe32620060184
Scripts/Game/Systems/VanillaOverrides/UI/CRF_SCR_NotificationsComponent.c	69	1	4	1f4d5b6a6f05471ac07a2251f7f21b03550570dbb1156f5bf56303e803ba2088
Scripts/Game/Systems/VanillaOverrides/UI/CRF_SCR_PlayerTeleportFeedbackUIComponent.c	6	1	1	365ac328d0f8269d7f7425bd1d5e2f43d39abc1809bd017d63eae6eaa71bc290
Scripts/Game/Systems/VanillaOverrides/UI/CRF_SCR_PlayerTeleportedFeedbackComponent.c	9	1	0	1022d3747ab7a721602d551cb8c48506663ba3b63581a81e740ef085096327e2
Scripts/Game/Systems/VanillaOverrides/UI/CRF_SCR_SquadLeaderMarkers.c	60	1	1	c0e353278e902eeaf79faefff10489a8610a2fcefdf90a3a87515cc10d9b76f1
Scripts/Game/Systems/VanillaOverrides/UI/CRF_SCR_WeaponInfo.c	9	1	1	dcc533a2e112b989dd23c92d50b8e150100fa08d2030c1b8768ccfaa6ab1e6cc
Scripts/Game/Systems/VanillaOverrides/VON/CRF_SCR_VONComponent.c	161	1	6	73cf5cc6036c531903906616124c886499f40ba07e68568ccb0063fdb89fd941
Scripts/Game/Systems/VanillaOverrides/VON/CRF_SCR_VONController.c	73	1	5	c625b6050706615cdb9bed86de95f85d0896afa03c9001dacb724e6c8ffa7bd8
Scripts/Game/Systems/VanillaOverrides/VON/CRF_SCR_VONDisplay.c	30	1	0	4e15d32c0d61a4fe2af2c8f80d35ff46eb94a1bcdca430659f0a21b98345df48
Scripts/Game/Systems/vaar/CRF_VAAR_DataContainer.c	109	5	4	05c348d4e5e099bdfa92769be89e4cc8afc50812f4f414885dc58589ec16fa8c
Scripts/Game/Systems/vaar/CRF_VAAR_GamemodeComponent.c	430	2	21	f2f6ec2377cc77ca9d0cf1ed412b719f4b9c959a733986bd8fd36c527adb4b1c
Scripts/Game/Systems/vaar/CRF_VAAR_SCR_OnEffect.c	22	1	1	35f2dde276a8bfadc857fe7ceb9b856278af898eb7671593c6072e9ce20ce32d
Scripts/Game/Systems/vaar/CRF_VAAR_VehicleTrackerComponent.c	32	2	2	44250cf0a407ce6de39cbd19ce1baaf1c65402739c463f84686911e1249a0466
Scripts/WorkbenchGame/GearscriptConfigList/CRF_GenerateGearScriptConfigList.c	72	2	4	911ca0ea49f9a69e3bdc6c73cb760d5f064d44ddb2ba3f6eb280c5faeb07cd7a
Scripts/WorkbenchGame/MissionPlugins/CRF_MissionConfigurationPlugin.c	189	1	4	1a7cb7fbadbc9545c4c9e235ad9cb1b4066784ae3645824c7034e81efd8c0a1c
Scripts/WorkbenchGame/MissionPlugins/CRF_MissionCreationPlugin.c	68	1	3	f797e559deeafc2560e26d1557b0901a8e7c9639bb47716bcef33e910348594c
Scripts/WorkbenchGame/MissionPlugins/CRF_MissionDescriptionPlugin.c	110	1	3	6da965f1512d56967f15b7280245ac625afe3a57916915701f7f15bba14ac14f
Scripts/WorkbenchGame/MissionPlugins/CRF_MissionFactionPlugin.c	282	1	8	698180b36aa315d76807cec6e0e556d64f0b5d1901c55dd0583ea3054e918a63
Scripts/WorkbenchGame/MissionPlugins/CRF_MissionGamemodePlugin.c	168	1	3	45c7fc03ee6ad1de31d8464875d2e2dd7c89ae6d2a15d047f7f03120d7ba2a2e
Scripts/WorkbenchGame/MissionPlugins/CRF_MissionSlottingPlugin.c	317	3	11	8e9327b3b2062758bb946f2c4fbde94ac50f3a131f3b9b2efd1deb32b8d51e9c
scripts/Game/GameMode/Rally/CRF_RallyGamemodeComponent.c	1457	4	44	8da8546d6c565c1a2b2d4bea51b3d93ff923e27ce8c41b44a4f5851f91709cc6
scripts/Game/Systems/Components/Lottery/CRF_SlotLottery.c	735	3	21	2a022a3b2b3fda46890d17c8cb939fa624f59ea50b2166a0474b39598475fe74
scripts/Game/Systems/Components/Misc/AreaDamage/CRF_AreaDamageArea.c	108	1	4	d3a02246054e51320b325db015bfc0ecd8972b013a5746b62fa5eaad37b793f1
scripts/Game/Systems/Components/Misc/AreaDamage/CRF_DotDamageArea.c	76	1	2	b2a02d1fc9453519af1b154771130ed4a01f5169e8d8342ccb4aa03edd463367
scripts/Game/Systems/Components/Misc/AreaDamage/Effects/CRF_AreaSlowEffect.c	38	1	2	364d5a01b80e7056989f2dd1e9c17aac9bd882233f25feacf7228c707356f2d7
scripts/Game/Systems/Components/Misc/AreaDamage/Effects/CRF_HealingDamageEffect.c	133	1	7	e5d04176dcf6213758699f9de18fb03b2ae90bfd9c0ab79cd3286b997a264e6a
