class	signature
AttachmentSlotComponent	bool OnTicksOnRemoteProxy ()
AttachmentSlotComponent	bool ShouldSetAttachment (IEntity attachmentEntity)
AttachmentSlotComponent	bool ShouldSetResource (Resource resource)
AttachmentSlotComponent	proto external BaseAttachmentType GetAttachmentSlotType ()
AttachmentSlotComponent	proto external IEntity GetAttachedEntity ()
AttachmentSlotComponent	proto external bool CanSetAttachment (IEntity attachmentEntity)
AttachmentSlotComponent	proto external bool IsObstructing ()
AttachmentSlotComponent	proto external bool ShouldShowInInspection ()
AttachmentSlotComponent	proto external void SetAttachment (IEntity attachmentEntity)
AttachmentSlotComponent	void OnDelete (IEntity owner)
BaseInventoryStorageComponent	InventoryStorageSlot GetEmptySlotForItem (IEntity item)
BaseInventoryStorageComponent	InventoryStorageSlot GetSlotScr (int slotID)
BaseInventoryStorageComponent	bool CanRemoveItem (IEntity item)
BaseInventoryStorageComponent	bool CanReplaceItem (IEntity nextItem, int slotID)
BaseInventoryStorageComponent	bool CanStoreItem (IEntity item, int slotID)
BaseInventoryStorageComponent	bool CanStoreResource (ResourceName resourceName, int slotID)
BaseInventoryStorageComponent	bool OnOverrideCanRemoveItem ()
BaseInventoryStorageComponent	bool OnOverrideCanReplaceItem ()
BaseInventoryStorageComponent	bool OnOverrideCanStoreItem ()
BaseInventoryStorageComponent	bool OnOverrideCanStoreResource ()
BaseInventoryStorageComponent	bool OnTicksOnRemoteProxy ()
BaseInventoryStorageComponent	bool OverridePlacementTransform (IEntity caller, out vector computedTransform[4])
BaseInventoryStorageComponent	bool ShouldChangeVisibilityOfHierarchy ()
BaseInventoryStorageComponent	bool ShouldHideInVicinity ()
BaseInventoryStorageComponent	bool ShouldPreviewAttachedItems ()
BaseInventoryStorageComponent	int GetSlotsCountScr ()
BaseInventoryStorageComponent	proto external BaseItemAttributeData FindAttribute (TypeName typeName)
BaseInventoryStorageComponent	proto external EStoragePurpose GetPurpose ()
BaseInventoryStorageComponent	proto external IEntity CreatePreviewEntity (BaseWorld world, int camera)
BaseInventoryStorageComponent	proto external IEntity Get (int slotID)
BaseInventoryStorageComponent	proto external IEntity GetOwner ()
BaseInventoryStorageComponent	proto external InventoryItemComponent GetItem (int slotID)
BaseInventoryStorageComponent	proto external InventoryStorageSlot FindItemSlot (IEntity item)
BaseInventoryStorageComponent	proto external InventoryStorageSlot FindSuitableSlotForItem (IEntity item)
BaseInventoryStorageComponent	proto external InventoryStorageSlot GetParentSlot ()
BaseInventoryStorageComponent	proto external InventoryStorageSlot GetSlot (int slotID)
BaseInventoryStorageComponent	proto external ItemAttributeCollection GetAttributes ()
BaseInventoryStorageComponent	proto external UIInfo GetUIInfo ()
BaseInventoryStorageComponent	proto external bool Contains (IEntity item)
BaseInventoryStorageComponent	proto external bool GetOwnedStorages (out notnull array< BaseInventoryStorageComponent > outStorages, int depth, bool includeHierarchy)
BaseInventoryStorageComponent	proto external bool IsCompartment ()
BaseInventoryStorageComponent	proto external bool IsHiddenInVicnity ()
BaseInventoryStorageComponent	proto external bool IsLocked ()
BaseInventoryStorageComponent	proto external bool IsSystemLocked ()
BaseInventoryStorageComponent	proto external bool IsUserLocked ()
BaseInventoryStorageComponent	proto external bool PerformDimensionValidation (IEntity item)
BaseInventoryStorageComponent	proto external bool PerformVolumeValidation (IEntity item, bool includeDimensionValidation=true)
BaseInventoryStorageComponent	proto external bool PerformVolumeValidationForResource (ResourceName resourceName, bool includeDimensionValidation=true)
BaseInventoryStorageComponent	proto external bool RequestUserLock (IEntity caller, bool locked)
BaseInventoryStorageComponent	proto external float GetAdditionalVolume ()
BaseInventoryStorageComponent	proto external float GetAdditionalWeight ()
BaseInventoryStorageComponent	proto external float GetMaxVolumeCapacity ()
BaseInventoryStorageComponent	proto external float GetOccupiedSpace ()
BaseInventoryStorageComponent	proto external float GetTotalVolume ()
BaseInventoryStorageComponent	proto external float GetTotalWeight ()
BaseInventoryStorageComponent	proto external float GetWeightFromResource (ResourceName resourceName)
BaseInventoryStorageComponent	proto external int GetAll (out notnull array< IEntity > outItems, bool includeChildComponents=true)
BaseInventoryStorageComponent	proto external int GetEstimatedCountFitForItem (IEntity item)
BaseInventoryStorageComponent	proto external int GetEstimatedCountFitForResource (ResourceName resourceName)
BaseInventoryStorageComponent	proto external int GetPriority ()
BaseInventoryStorageComponent	proto external int GetSlotsCount ()
BaseInventoryStorageComponent	proto external vector GetMaxDimensionCapacity ()
BaseInventoryStorageComponent	proto external void ActivateOwner (bool active)
BaseInventoryStorageComponent	proto external void DisablePhysics ()
BaseInventoryStorageComponent	proto external void EnablePhysics ()
BaseInventoryStorageComponent	proto external void GetOwnedItems (out notnull array< InventoryItemComponent > outItemsComponents, bool includeChildComponents=true)
BaseInventoryStorageComponent	proto external void HideOwner ()
BaseInventoryStorageComponent	proto external void PlaceOnGround (IEntity callerEntity=null)
BaseInventoryStorageComponent	proto external void ReleaseSlotHooks (InventoryStorageSlot ownedSlot)
BaseInventoryStorageComponent	proto external void SetAdditionalVolume (float additionalVolume)
BaseInventoryStorageComponent	proto external void SetAdditionalWeight (float additionalWeight)
BaseInventoryStorageComponent	proto external void SetTraceable (bool traceable)
BaseInventoryStorageComponent	proto external void SetupSlotHooks (InventoryStorageSlot ownedSlot, int slotID)
BaseInventoryStorageComponent	proto external void ShowOwner ()
BaseInventoryStorageComponent	ref BaseInventoryTask InsertItem (IEntity item, int slotID, bool justSpawned)
BaseInventoryStorageComponent	ref BaseInventoryTask RemoveItem (IEntity item)
BaseInventoryStorageComponent	ref ScriptInvoker< InventoryStorageSlot, InventoryStorageSlot > m_OnParentSlotChangedInvoker = new ScriptInvoker<InventoryStorageSlot, InventoryStorageSlot>()
BaseInventoryStorageComponent	ref ScriptInvoker< bool > m_OnLockedStateChangedInvoker = new ScriptInvoker<bool>()
BaseInventoryStorageComponent	void OnAddedToSlot (IEntity item, int slotID)
BaseInventoryStorageComponent	void OnDelete (IEntity owner)
BaseInventoryStorageComponent	void OnManagerChanged (InventoryStorageManagerComponent manager)
BaseInventoryStorageComponent	void OnPlacedOnGround ()
BaseInventoryStorageComponent	void OnPostInit (IEntity owner)
BaseInventoryStorageComponent	void OnRemovedFromSlot (IEntity item, int slotID)
BaseInventoryStorageComponent	void UpdateUI ()
BaseMuzzleComponent	bool OnTicksOnRemoteProxy ()
BaseMuzzleComponent	proto external BaseFireMode GetCurrentFireMode ()
BaseMuzzleComponent	proto external BaseFireMode GetFireMode (int fireModeIndex)
BaseMuzzleComponent	proto external BaseMagazineComponent GetMagazine ()
BaseMuzzleComponent	proto external BaseMagazineWell GetMagazineWell ()
BaseMuzzleComponent	proto external EMuzzleType GetMuzzleType ()
BaseMuzzleComponent	proto external IEntity GetOwner ()
BaseMuzzleComponent	proto external ResourceName GetDefaultMagazineOrProjectileName ()
BaseMuzzleComponent	proto external UIInfo GetUIInfo ()
BaseMuzzleComponent	proto external WeaponGamepadEffectsManagerComponent GetGamepadEffectsManager ()
BaseMuzzleComponent	proto external bool ClearChamber (int barrelIndex)
BaseMuzzleComponent	proto external bool GetOpenBoltState ()
BaseMuzzleComponent	proto external bool IsBarrelChambered (int barrelIndex)
BaseMuzzleComponent	proto external bool IsChamberingPossible ()
BaseMuzzleComponent	proto external bool IsCurrentBarrelChambered ()
BaseMuzzleComponent	proto external bool IsDisposable ()
BaseMuzzleComponent	proto external bool IsMuzzleSuppressed ()
BaseMuzzleComponent	proto external float GetBulletInitSpeedCoef ()
BaseMuzzleComponent	proto external int GetAmmoCount ()
BaseMuzzleComponent	proto external int GetBarrelsCount ()
BaseMuzzleComponent	proto external int GetCurrentBarrelIndex ()
BaseMuzzleComponent	proto external int GetFireModeIndex ()
BaseMuzzleComponent	proto external int GetFireModesCount ()
BaseMuzzleComponent	proto external int GetFireModesList (out notnull array< BaseFireMode > outFireModes)
BaseMuzzleComponent	proto external int GetLastBarrelFired ()
BaseMuzzleComponent	proto external int GetMaxAmmoCount ()
BaseMuzzleComponent	proto external int GetNextFireModeIndex ()
BaseMuzzleComponent	proto external owned string GetGamepadEffectContext ()
BaseMuzzleComponent	proto external void SetFiringTriggerEffectEnabled (int fireModeIndex, bool bEnable, WeaponGamepadEffectsManagerComponent pEffectsManager)
BaseMuzzleComponent	proto external void SetGamepadEffectsEnabled (bool val)
BaseMuzzleComponent	proto external void SetTriggerEffect (int fireModeIndex, bool bEnable, WeaponGamepadEffectsManagerComponent pEffectsManager, bool isCharged=true)
BaseMuzzleComponent	void OnDelete (IEntity owner)
BaseWeaponComponent	bool OnTicksOnRemoteProxy ()
BaseWeaponComponent	proto external BaseMagazineComponent GetCurrentMagazine ()
BaseWeaponComponent	proto external BaseMuzzleComponent GetCurrentMuzzle ()
BaseWeaponComponent	proto external BaseSightsComponent GetAttachedSights ()
BaseWeaponComponent	proto external BaseSightsComponent GetSights ()
BaseWeaponComponent	proto external BaseSightsComponent GetSightsAt (int sightsIndex)
BaseWeaponComponent	proto external ECanBeEquippedResult CanBeEquipped (CharacterControllerComponent charController)
BaseWeaponComponent	proto external EWeaponFiremodeType GetCurrentFireModeType ()
BaseWeaponComponent	proto external EWeaponType GetWeaponType ()
BaseWeaponComponent	proto external IEntity GetOwner ()
BaseWeaponComponent	proto external UIInfo GetUIInfo ()
BaseWeaponComponent	proto external bool CanSetSights (int sightsIndex)
BaseWeaponComponent	proto external bool CanSwitchSights ()
BaseWeaponComponent	proto external bool CanSwitchToSights (int sightsIndex)
BaseWeaponComponent	proto external bool GetBipod ()
BaseWeaponComponent	proto external bool GetCurrentSightsZeroingTransform (out vector outMat[4])
BaseWeaponComponent	proto external bool HasBipod ()
BaseWeaponComponent	proto external bool HasSightsAt (int sightsIndex)
BaseWeaponComponent	proto external bool IsChamberingNecessary ()
BaseWeaponComponent	proto external bool IsChamberingPossible ()
BaseWeaponComponent	proto external bool IsReloadPossible ()
BaseWeaponComponent	proto external bool IsSightADSActive ()
BaseWeaponComponent	proto external bool SetSights (int sightsIndex)
BaseWeaponComponent	proto external bool SwitchNextSights ()
BaseWeaponComponent	proto external bool SwitchPrevSights ()
BaseWeaponComponent	proto external float GetCurrentSightsZeroing ()
BaseWeaponComponent	proto external float GetInitialProjectileSpeed ()
BaseWeaponComponent	proto external int FindAvailableSights ()
BaseWeaponComponent	proto external int GetAttachments (out notnull array< AttachmentSlotComponent > outArray)
BaseWeaponComponent	proto external int GetMuzzlesList (out notnull array< BaseMuzzleComponent > outMuzzles)
BaseWeaponComponent	proto external string GetCurrentFireModeName ()
BaseWeaponComponent	proto external string GetWeaponSlotType ()
BaseWeaponComponent	proto external void SetBipod (bool deploy)
BaseWeaponComponent	proto external void SetDeploymentTriggerEffectEnabled (bool val)
BaseWeaponComponent	proto external void SightADSActivated ()
BaseWeaponComponent	proto external void SightADSDeactivated ()
BaseWeaponComponent	void OnDelete (IEntity owner)
BaseWeaponComponent	void OnWeaponActive ()
BaseWeaponComponent	void OnWeaponInactive ()
BaseWeaponManagerComponent	bool OnTicksOnRemoteProxy ()
BaseWeaponManagerComponent	proto bool GetCurrentSightsCameraTransform (out vector outLocalMatrix[4], out float fov)
BaseWeaponManagerComponent	proto bool GetCurrentSightsTransform (out vector outWorldMatrix[4], out vector outLocalMatrix[4], out float fov)
BaseWeaponManagerComponent	proto external BaseWeaponComponent GetCurrent ()
BaseWeaponManagerComponent	proto external BaseWeaponComponent GetCurrentGrenade ()
BaseWeaponManagerComponent	proto external BaseWeaponComponent GetCurrentWeapon ()
BaseWeaponManagerComponent	proto external GrenadeSlotComponent GetCurrentGrenadeSlot ()
BaseWeaponManagerComponent	proto external IEntity GetOwner ()
BaseWeaponManagerComponent	proto external IEntity SetSlotWeapon (WeaponSlotComponent pSlot, IEntity pWeaponEntity)
BaseWeaponManagerComponent	proto external SightsComponent GetCurrentSights ()
BaseWeaponManagerComponent	proto external WeaponSlotComponent GetCurrentSlot ()
BaseWeaponManagerComponent	proto external bool GetCurrentMuzzleTransform (vector outMatrix[4])
BaseWeaponManagerComponent	proto external bool HasAnotherSelectableWeapon ()
BaseWeaponManagerComponent	proto external bool SelectWeapon (BaseWeaponComponent weapon)
BaseWeaponManagerComponent	proto external int GetCurrentSightsIndex ()
BaseWeaponManagerComponent	proto external int GetDefaultWeaponIndex ()
BaseWeaponManagerComponent	proto external int GetWeapons (out notnull array< BaseWeaponComponent > outWeapons)
BaseWeaponManagerComponent	proto external int GetWeaponsList (out notnull array< IEntity > outWeapons)
BaseWeaponManagerComponent	proto external int GetWeaponsSlots (out notnull array< WeaponSlotComponent > outSlots)
BaseWeaponManagerComponent	proto external void SetVisibleAllWeapons (bool state)
BaseWeaponManagerComponent	proto external void SetVisibleCurrentWeapon (bool state)
BaseWeaponManagerComponent	proto external void Throw (vector vDirection, float fSpeedScale)
BaseWeaponManagerComponent	ref ScriptInvoker< BaseWeaponComponent > m_OnWeaponChangeCompleteInvoker = new ScriptInvoker<BaseWeaponComponent>()
BaseWeaponManagerComponent	ref ScriptInvoker< BaseWeaponComponent > m_OnWeaponChangeStartedInvoker = new ScriptInvoker<BaseWeaponComponent>()
BaseWeaponManagerComponent	void OnDelete (IEntity owner)
BaseWeaponManagerComponent	void OnWeaponChangeComplete (BaseWeaponComponent newWeaponSlot)
BaseWeaponManagerComponent	void OnWeaponChangeStarted (BaseWeaponComponent newWeaponSlot)
ChimeraMenuBase	bool m_bTextEditActive = false
ChimeraMenuBase	const string INPUT_CONTEXT_EDIT = "MenuTextEditContext"
ChimeraMenuBase	override void OnMenuClose ()
ChimeraMenuBase	override void OnMenuFocusGained ()
ChimeraMenuBase	override void OnMenuFocusLost ()
ChimeraMenuBase	override void OnMenuHide ()
ChimeraMenuBase	override void OnMenuInit ()
ChimeraMenuBase	override void OnMenuOpen ()
ChimeraMenuBase	override void OnMenuOpened ()
ChimeraMenuBase	override void OnMenuShow ()
ChimeraMenuBase	override void OnMenuUpdate (float tDelta)
ChimeraMenuBase	ref ScriptInvoker m_OnTextEditContextChange = new ScriptInvoker
ChimeraMenuBase	ref ScriptInvoker m_OnUpdate = new ScriptInvoker
ChimeraMenuBase	static ChimeraMenuBase CurrentChimeraMenu ()
ChimeraMenuBase	static ChimeraMenuBase GetOwnerMenu (Widget w)
ChimeraMenuBase	static ChimeraMenuBase m_ThisMenu
InventoryStorageSlot	ScriptInvokerEntity GetAttachedEntityInvoker ()
InventoryStorageSlot	ScriptInvokerEntity GetDetachedEntityInvoker ()
InventoryStorageSlot	proto external BaseInventoryStorageComponent GetStorage ()
InventoryStorageSlot	proto external GenericComponent GetParentContainer ()
InventoryStorageSlot	proto external IEntity GetAttachedEntity ()
InventoryStorageSlot	proto external IEntity GetOwner ()
InventoryStorageSlot	proto external ResourceName GetSlotTemplate ()
InventoryStorageSlot	proto external bool IsEnabled ()
InventoryStorageSlot	proto external bool IsLocked ()
InventoryStorageSlot	proto external bool ScriptOnRplLoad (ScriptBitReader reader)
InventoryStorageSlot	proto external bool ScriptOnRplSave (ScriptBitWriter writer)
InventoryStorageSlot	proto external int GetID ()
InventoryStorageSlot	proto external int GetNodeId ()
InventoryStorageSlot	proto external string GetBoneName ()
InventoryStorageSlot	proto external string GetSourceName ()
InventoryStorageSlot	proto external vector GetInspectionWidgetOffset ()
InventoryStorageSlot	proto external vector GetLocalTransformAxis (int axis)
InventoryStorageSlot	proto external vector GetModelTransformAxis (int axis)
InventoryStorageSlot	proto external vector GetTransformAxis (int axis)
InventoryStorageSlot	proto external vector GetWorldTransformAxis (int axis)
InventoryStorageSlot	proto external void AttachEntity (IEntity entity)
InventoryStorageSlot	proto external void DetachEntity (bool physicalChange=true)
InventoryStorageSlot	proto external void GetLocalTransform (out vector outMat[4])
InventoryStorageSlot	proto external void GetModelTransform (out vector outMat[4])
InventoryStorageSlot	proto external void GetTransform (out vector outMat[4])
InventoryStorageSlot	proto external void GetTransformNode (out vector outMat[4])
InventoryStorageSlot	proto external void GetWorldTransform (out vector outMat[4])
InventoryStorageSlot	proto external void Init (IEntity owner)
InventoryStorageSlot	proto external void OverrideTransformLS (vector matLS[4])
InventoryStorageSlot	proto external void Set (IEntity owner, string boneName, vector matInOwnerSpace[4])
InventoryStorageSlot	proto external void SetAdditiveTransformLS (vector matLS[4])
InventoryStorageSlot	static EntitySlotInfo GetSlotInfo (notnull IEntity entity)
InventoryStorageSlot	static void GetSlotInfos (notnull IEntity entity, inout notnull array< EntitySlotInfo > slotInfos)
InventoryStorageSlot	void OnAttachedEntity (IEntity entity)
InventoryStorageSlot	void OnDetachedEntity (IEntity entity)
InventoryStorageSlot	void PointInfo ()
SCR_BaseGameMode	EGameFlags m_eTestGameFlags
SCR_BaseGameMode	OnPreloadFinishedInvoker GetOnPreloadFinished ()
SCR_BaseGameMode	RplComponent m_RplComponent
SCR_BaseGameMode	SCR_BaseGameModeStateComponent GetStateComponent (SCR_EGameModeState state)
SCR_BaseGameMode	SCR_BaseScoringSystemComponent GetScoringSystemComponent ()
SCR_BaseGameMode	SCR_BaseScoringSystemComponent m_ScoringSystemComponent
SCR_BaseGameMode	SCR_EGameModeState GetState ()
SCR_BaseGameMode	SCR_EPauseReason m_ePauseReasons
SCR_BaseGameMode	SCR_GameModeEndData GetEndGameData ()
SCR_BaseGameMode	SCR_GameModeHealthSettings GetGameModeHealthSettings ()
SCR_BaseGameMode	SCR_GameModeHealthSettings m_pGameModeHealthSettings
SCR_BaseGameMode	SCR_RespawnSystemComponent GetRespawnSystemComponent ()
SCR_BaseGameMode	SCR_RespawnSystemComponent m_pRespawnSystemComponent
SCR_BaseGameMode	SCR_RespawnTimerComponent m_RespawnTimerComponent
SCR_BaseGameMode	ScriptInvoker GetOnControllableDeleted ()
SCR_BaseGameMode	ScriptInvoker GetOnControllableSpawned ()
SCR_BaseGameMode	ScriptInvoker GetOnGameEnd ()
SCR_BaseGameMode	ScriptInvoker GetOnGameModeEnd ()
SCR_BaseGameMode	ScriptInvoker GetOnGameStart ()
SCR_BaseGameMode	ScriptInvoker GetOnWorldPostProcess ()
SCR_BaseGameMode	ScriptInvokerBase< SCR_BaseGameMode_OnControllableDestroyed > GetOnControllableDestroyed ()
SCR_BaseGameMode	ScriptInvokerBase< SCR_BaseGameMode_OnControllableDestroyed > GetOnPlayerKilled ()
SCR_BaseGameMode	ScriptInvokerBase< SCR_BaseGameMode_OnPlayerDisconnected > GetOnPlayerDisconnected ()
SCR_BaseGameMode	ScriptInvokerBase< SCR_BaseGameMode_OnPlayerDisconnected > GetOnPostCompPlayerDisconnected ()
SCR_BaseGameMode	ScriptInvokerBase< SCR_BaseGameMode_OnPlayerRoleChanged > GetOnPlayerRoleChange ()
SCR_BaseGameMode	ScriptInvokerBase< SCR_BaseGameMode_OnResourceEnabledChanged > GetOnResourceTypeEnabledChanged ()
SCR_BaseGameMode	ScriptInvokerBase< SCR_BaseGameMode_PlayerId > GetOnPlayerAuditFail ()
SCR_BaseGameMode	ScriptInvokerBase< SCR_BaseGameMode_PlayerId > GetOnPlayerAuditRevived ()
SCR_BaseGameMode	ScriptInvokerBase< SCR_BaseGameMode_PlayerId > GetOnPlayerAuditSuccess ()
SCR_BaseGameMode	ScriptInvokerBase< SCR_BaseGameMode_PlayerId > GetOnPlayerAuditTimeouted ()
SCR_BaseGameMode	ScriptInvokerBase< SCR_BaseGameMode_PlayerId > GetOnPlayerConnected ()
SCR_BaseGameMode	ScriptInvokerBase< SCR_BaseGameMode_PlayerId > GetOnPlayerRegistered ()
SCR_BaseGameMode	ScriptInvokerBase< SCR_BaseGameMode_PlayerIdAndEntity > GetOnPlayerDeleted ()
SCR_BaseGameMode	ScriptInvokerBase< SCR_BaseGameMode_PlayerIdAndEntity > GetOnPlayerSpawned ()
SCR_BaseGameMode	WorldTimestamp GetGameEndTimeStamp ()
SCR_BaseGameMode	WorldTimestamp m_GameEndTimeStamp = null
SCR_BaseGameMode	bool CanBePaused ()
SCR_BaseGameMode	bool CanPlayerSpawn_S (SCR_SpawnRequestComponent requestComponent, SCR_SpawnHandlerComponent handlerComponent, SCR_SpawnData data, out SCR_ESpawnResult result=SCR_ESpawnResult.SPAWN_NOT_ALLOWED)
SCR_BaseGameMode	bool CanStartGameMode ()
SCR_BaseGameMode	bool CanStartSpawnPreload ()
SCR_BaseGameMode	bool FilterCallback (IEntity e)
SCR_BaseGameMode	bool GetAllowControls ()
SCR_BaseGameMode	bool GetAllowControlsTarget ()
SCR_BaseGameMode	bool GetAutotuneEnabled ()
SCR_BaseGameMode	bool IsFactionChangeAllowed ()
SCR_BaseGameMode	bool IsHosted ()
SCR_BaseGameMode	bool IsMaster ()
SCR_BaseGameMode	bool IsResourceTypeEnabled (EResourceType resourceType=EResourceType.SUPPLIES)
SCR_BaseGameMode	bool IsRunning ()
SCR_BaseGameMode	bool PauseGame (bool pause, SCR_EPauseReason reason=SCR_EPauseReason.SYSTEM)
SCR_BaseGameMode	bool PreparePlayerEntity_S (SCR_SpawnRequestComponent requestComponent, SCR_SpawnHandlerComponent handlerComponent, SCR_SpawnData data, IEntity entity)
SCR_BaseGameMode	bool TryShutdownServer ()
SCR_BaseGameMode	bool m_bAdvanceTimeRequiresPlayers
SCR_BaseGameMode	bool m_bAllowControls = true
SCR_BaseGameMode	bool m_bAllowFactionChange
SCR_BaseGameMode	bool m_bAutoPlayerRespawn
SCR_BaseGameMode	bool m_bAutotuneEnabled
SCR_BaseGameMode	bool m_bIsHosted
SCR_BaseGameMode	bool m_bUseSpawnPreload
SCR_BaseGameMode	const static string WB_GAME_MODE_CATEGORY = "Game Mode"
SCR_BaseGameMode	float GetAutoReloadDelay ()
SCR_BaseGameMode	float GetElapsedTime ()
SCR_BaseGameMode	float GetRemainingTime ()
SCR_BaseGameMode	float GetTimeLimit ()
SCR_BaseGameMode	float m_fLastTimeCorrection
SCR_BaseGameMode	float m_fTimeCorrectionInterval = 10.0
SCR_BaseGameMode	float m_fTimeElapsed
SCR_BaseGameMode	int GetDisabledResourceTypes (inout notnull array< EResourceType > disabledResourceTypes)
SCR_BaseGameMode	int GetPlayerRemainingRespawnTime (int playerID)
SCR_BaseGameMode	override bool HandlePlayerKilled (int playerId, IEntity playerEntity, IEntity killerEntity, notnull Instigator killer)
SCR_BaseGameMode	override bool RplLoad (ScriptBitReader reader)
SCR_BaseGameMode	override bool RplSave (ScriptBitWriter writer)
SCR_BaseGameMode	override void EOnFrame (IEntity owner, float timeSlice)
SCR_BaseGameMode	override void EOnInit (IEntity owner)
SCR_BaseGameMode	override void OnControllableDeleted (IEntity entity)
SCR_BaseGameMode	override void OnControllableDestroyed (IEntity entity, IEntity killerEntity, notnull Instigator instigator)
SCR_BaseGameMode	override void OnControllableSpawned (IEntity entity)
SCR_BaseGameMode	override void OnGameStart ()
SCR_BaseGameMode	override void OnPlayerAuditFail (int iPlayerID)
SCR_BaseGameMode	override void OnPlayerAuditRevived (int iPlayerID)
SCR_BaseGameMode	override void OnPlayerAuditSuccess (int iPlayerID)
SCR_BaseGameMode	override void OnPlayerAuditTimeouted (int iPlayerID)
SCR_BaseGameMode	override void OnPlayerConnected (int playerId)
SCR_BaseGameMode	override void OnPlayerDisconnected (int playerId, KickCauseCode cause, int timeout)
SCR_BaseGameMode	override void OnPlayerKilled (int playerId, IEntity playerEntity, IEntity killerEntity, notnull Instigator killer)
SCR_BaseGameMode	override void OnPlayerRegistered (int playerId)
SCR_BaseGameMode	override void OnPlayerRoleChange (int playerId, EPlayerRole roleFlags)
SCR_BaseGameMode	override void OnWorldPostProcess (World world)
SCR_BaseGameMode	ref OnPreloadFinishedInvoker m_OnPreloadFinished
SCR_BaseGameMode	ref SCR_SpawnPreload m_SpawnPreload
SCR_BaseGameMode	ref ScriptInvoker Event_OnGameStart = new ScriptInvoker()
SCR_BaseGameMode	ref ScriptInvoker m_OnControllableDeleted = new ScriptInvoker()
SCR_BaseGameMode	ref ScriptInvoker m_OnControllableSpawned = new ScriptInvoker()
SCR_BaseGameMode	ref ScriptInvoker m_OnGameEnd = new ScriptInvoker()
SCR_BaseGameMode	ref ScriptInvoker m_OnGameModeEnd = new ScriptInvoker()
SCR_BaseGameMode	ref ScriptInvoker m_OnWorldPostProcess = new ScriptInvoker()
SCR_BaseGameMode	ref ScriptInvokerBase< SCR_BaseGameMode_OnControllableDestroyed > m_OnControllableDestroyed = new ScriptInvokerBase<SCR_BaseGameMode_OnControllableDestroyed>()
SCR_BaseGameMode	ref ScriptInvokerBase< SCR_BaseGameMode_OnControllableDestroyed > m_OnPlayerKilled = new ScriptInvokerBase<SCR_BaseGameMode_OnControllableDestroyed>()
SCR_BaseGameMode	ref ScriptInvokerBase< SCR_BaseGameMode_OnPlayerDisconnected > m_OnPlayerDisconnected = new ScriptInvokerBase<SCR_BaseGameMode_OnPlayerDisconnected>()
SCR_BaseGameMode	ref ScriptInvokerBase< SCR_BaseGameMode_OnPlayerDisconnected > m_OnPostCompPlayerDisconnected = new ScriptInvokerBase<SCR_BaseGameMode_OnPlayerDisconnected>()
SCR_BaseGameMode	ref ScriptInvokerBase< SCR_BaseGameMode_OnPlayerRoleChanged > m_OnPlayerRoleChange = new ScriptInvokerBase<SCR_BaseGameMode_OnPlayerRoleChanged>()
SCR_BaseGameMode	ref ScriptInvokerBase< SCR_BaseGameMode_OnResourceEnabledChanged > m_OnResourceTypeEnabledChanged
SCR_BaseGameMode	ref ScriptInvokerBase< SCR_BaseGameMode_PlayerId > m_OnPlayerAuditFail = new ScriptInvokerBase<SCR_BaseGameMode_PlayerId>()
SCR_BaseGameMode	ref ScriptInvokerBase< SCR_BaseGameMode_PlayerId > m_OnPlayerAuditRevived = new ScriptInvokerBase<SCR_BaseGameMode_PlayerId>()
SCR_BaseGameMode	ref ScriptInvokerBase< SCR_BaseGameMode_PlayerId > m_OnPlayerAuditSuccess = new ScriptInvokerBase<SCR_BaseGameMode_PlayerId>()
SCR_BaseGameMode	ref ScriptInvokerBase< SCR_BaseGameMode_PlayerId > m_OnPlayerAuditTimeouted = new ScriptInvokerBase<SCR_BaseGameMode_PlayerId>()
SCR_BaseGameMode	ref ScriptInvokerBase< SCR_BaseGameMode_PlayerId > m_OnPlayerConnected = new ScriptInvokerBase<SCR_BaseGameMode_PlayerId>()
SCR_BaseGameMode	ref ScriptInvokerBase< SCR_BaseGameMode_PlayerId > m_OnPlayerRegistered = new ScriptInvokerBase<SCR_BaseGameMode_PlayerId>()
SCR_BaseGameMode	ref ScriptInvokerBase< SCR_BaseGameMode_PlayerIdAndEntity > m_OnPlayerDeleted = new ScriptInvokerBase<SCR_BaseGameMode_PlayerIdAndEntity>()
SCR_BaseGameMode	ref ScriptInvokerBase< SCR_BaseGameMode_PlayerIdAndEntity > m_OnPlayerSpawned = new ScriptInvokerBase<SCR_BaseGameMode_PlayerIdAndEntity>()
SCR_BaseGameMode	ref array< EResourceType > m_aDisabledResourceTypes
SCR_BaseGameMode	ref array< SCR_BaseGameModeComponent > m_aAdditionalGamemodeComponents = new array<SCR_BaseGameModeComponent>()
SCR_BaseGameMode	ref map< SCR_EGameModeState, SCR_BaseGameModeStateComponent > m_mStateComponents = new map<SCR_EGameModeState, SCR_BaseGameModeStateComponent>()
SCR_BaseGameMode	ref map< int, vector > m_mPlayerSpawnPosition = new map<int, vector>()
SCR_BaseGameMode	void CachePlayerSpawnPosition (int playerID, vector position)
SCR_BaseGameMode	void ConsumeMilitarySupplyAllocationOnPlayerSpawn_S (SCR_SpawnRequestComponent requestComponent, IEntity spawnPoint, SCR_PlayerLoadoutComponent loadoutComponent)
SCR_BaseGameMode	void ConsumeSuppliesOnPlayerSpawn_S (int playerID, IEntity spawnPoint, SCR_PlayerLoadoutComponent loadoutComp)
SCR_BaseGameMode	void EndGameMode (SCR_GameModeEndData endData)
SCR_BaseGameMode	void HandleOnGameModeEndSaveData ()
SCR_BaseGameMode	void HandleOnTasksInitialized ()
SCR_BaseGameMode	void HandleSpawnPreload (float timeSlice)
SCR_BaseGameMode	void LogKillEvent (notnull SCR_InstigatorContextData instigatorContext)
SCR_BaseGameMode	void OnControllableDestroyedEx (notnull SCR_InstigatorContextData instigatorContextData)
SCR_BaseGameMode	void OnGameEnd ()
SCR_BaseGameMode	void OnGameModeEnd (SCR_GameModeEndData endData)
SCR_BaseGameMode	void OnGameModeStart ()
SCR_BaseGameMode	void OnGameStateChanged ()
SCR_BaseGameMode	void OnPlayerDeleted (int playerId, IEntity player)
SCR_BaseGameMode	void OnPlayerEntityChanged_S (int playerId, IEntity previousEntity, IEntity newEntity)
SCR_BaseGameMode	void OnPlayerFactionSet_S (SCR_PlayerFactionAffiliationComponent factionComponent, Faction faction)
SCR_BaseGameMode	void OnPlayerKilledEx (notnull SCR_InstigatorContextData instigatorContextData)
SCR_BaseGameMode	void OnPlayerKilledHandled (int playerId, IEntity playerEntity, IEntity killerEntity, notnull Instigator killer)
SCR_BaseGameMode	void OnPlayerLoadoutSet_S (SCR_PlayerLoadoutComponent loadoutComponent, SCR_BasePlayerLoadout loadout)
SCR_BaseGameMode	void OnPlayerSpawnFinalize_S (SCR_SpawnRequestComponent requestComponent, SCR_SpawnHandlerComponent handlerComponent, SCR_SpawnData data, IEntity entity)
SCR_BaseGameMode	void OnPlayerSpawnOnPoint_S (SCR_SpawnRequestComponent requestComponent, SCR_SpawnHandlerComponent handlerComponent, IEntity entity, SCR_SpawnPointSpawnData spawnPointData)
SCR_BaseGameMode	void OnPlayerSpawned (int playerId, IEntity controlledEntity)
SCR_BaseGameMode	void OnResourceTypeEnabledChanged ()
SCR_BaseGameMode	void OnSpawnPlayerEntityFailure_S (SCR_SpawnRequestComponent requestComponent, SCR_SpawnHandlerComponent handlerComponent, IEntity entity, SCR_SpawnData data, SCR_ESpawnResult reason)
SCR_BaseGameMode	void RestartSession ()
SCR_BaseGameMode	void SCR_BaseGameMode (IEntitySource src, IEntity parent)
SCR_BaseGameMode	void SetLocalControls (bool enabled)
SCR_BaseGameMode	void SetResourceTypeEnabled (bool enable, EResourceType resourceType=EResourceType.SUPPLIES, int playerID=-1)
SCR_BaseGameMode	void StartGameMode ()
SCR_BaseGameMode	void StartSpawnPreload (vector position)
SCR_BaseGameMode	void ~SCR_BaseGameMode ()
SCR_PlayerController	CharacterControllerComponent m_CharacterController
SCR_PlayerController	IEntity GetMainEntity ()
SCR_PlayerController	IEntity m_MainEntity
SCR_PlayerController	OnOwnershipChangedInvoker GetOnOwnershipChangedInvoker ()
SCR_PlayerController	RplId m_MainEntityID
SCR_PlayerController	SCR_CharacterControllerComponent GetCharacterController ()
SCR_PlayerController	SCR_EFocusToggleMode m_eFocusToggle
SCR_PlayerController	bool GetGadgetFocus ()
SCR_PlayerController	bool GetIsBinocularsZoomed ()
SCR_PlayerController	bool IsPossessing ()
SCR_PlayerController	bool SetPlatformImageTo (int playerID, notnull ImageWidget image, ImageWidget glow=null, bool setVisible=true, bool showOnPC=false, bool showOnXbox=false)
SCR_PlayerController	bool SetPlatformImageToKind (PlatformKind targetPlatform, notnull ImageWidget image, ImageWidget glow=null, bool setVisible=true, bool showOnPC=false, bool showOnXbox=false)
SCR_PlayerController	bool m_bGadgetFocus
SCR_PlayerController	bool m_bIsBinocularsZoomed
SCR_PlayerController	bool m_bIsLocalPlayerController
SCR_PlayerController	bool m_bIsPaused
SCR_PlayerController	bool m_bIsPossessing
SCR_PlayerController	bool m_bRetain3PV
SCR_PlayerController	float GetFocusValue (float adsProgress=0, float dt=-1)
SCR_PlayerController	float m_fCharacterSpeed
SCR_PlayerController	override void OnControlledEntityChanged (IEntity from, IEntity to)
SCR_PlayerController	override void OnDestroyed (notnull Instigator killer)
SCR_PlayerController	override void OnInit (IEntity owner)
SCR_PlayerController	override void OnOwnershipChanged (bool changing, bool becameOwner)
SCR_PlayerController	override void OnUpdate (float timeSlice)
SCR_PlayerController	proto external ActionManager GetActionManager ()
SCR_PlayerController	proto external GamepadIOHandlerComponent GetGamepadIOHandlerComponent ()
SCR_PlayerController	proto external HUDManagerComponent GetHUDManagerComponent ()
SCR_PlayerController	proto external IEntity GetControlledEntity ()
SCR_PlayerController	proto external PlayerCamera GetPlayerCamera ()
SCR_PlayerController	proto external RespawnComponent GetRespawnComponent ()
SCR_PlayerController	proto external bool CanRequestRespawn ()
SCR_PlayerController	proto external bool HasRole (EPlayerRole role)
SCR_PlayerController	proto external bool IsChatAllowed ()
SCR_PlayerController	proto external bool IsVonAllowed ()
SCR_PlayerController	proto external bool SetCharacterCameraRenderActive (bool active)
SCR_PlayerController	proto external bool SetControlledEntity (IEntity entity)
SCR_PlayerController	proto external int GetPlayerId ()
SCR_PlayerController	proto external int GetRplIdentity ()
SCR_PlayerController	proto external void ApplyGamepadEffectImmediate (GamepadEffect effect)
SCR_PlayerController	proto external void RequestRespawn ()
SCR_PlayerController	proto external void ResetGamepadIOHandler ()
SCR_PlayerController	ref OnBeforePossessedInvoker m_OnBeforePossess = new OnBeforePossessedInvoker()
SCR_PlayerController	ref OnControlledEntityChangedPlayerControllerInvoker m_OnControlledEntityChanged = new OnControlledEntityChangedPlayerControllerInvoker()
SCR_PlayerController	ref OnDestroyedPlayerControllerInvoker m_OnDestroyed = new OnDestroyedPlayerControllerInvoker()
SCR_PlayerController	ref OnOwnershipChangedInvoker m_OnOwnershipChangedInvoker = new OnOwnershipChangedInvoker()
SCR_PlayerController	ref OnPossessedInvoker m_OnPossessed = new OnPossessedInvoker()
SCR_PlayerController	static Faction GetLocalControlledEntityFaction ()
SCR_PlayerController	static Faction GetLocalMainEntityFaction ()
SCR_PlayerController	static IEntity GetLocalControlledEntity ()
SCR_PlayerController	static IEntity GetLocalMainEntity ()
SCR_PlayerController	static SCR_PlayerController s_pLocalPlayerController
SCR_PlayerController	static bool s_bWasADS
SCR_PlayerController	static const float FOCUS_ACTIVATION = 0.1
SCR_PlayerController	static const float FOCUS_ANALOGUE_SCALE = 3.0
SCR_PlayerController	static const float FOCUS_DEACTIVATION = 0.05
SCR_PlayerController	static const float FOCUS_TIMEOUT = 0.3
SCR_PlayerController	static const float FOCUS_TOLERANCE = 0.005
SCR_PlayerController	static const float WALK_SPEED = 0.5
SCR_PlayerController	static float s_fADSFocus = 0.5
SCR_PlayerController	static float s_fFocusAnalogue
SCR_PlayerController	static float s_fFocusTimeout
SCR_PlayerController	static float s_fPIPFocus = 1
SCR_PlayerController	static int GetLocalPlayerId ()
SCR_PlayerController	static void SetGameUserSettings ()
SCR_PlayerController	void ActionFocusToggle (float value=0.0, EActionTrigger reason=0)
SCR_PlayerController	void ActionFocusToggleUnarmed (float value=0.0, EActionTrigger reason=0)
SCR_PlayerController	void ActionFocusToggleVehicle (float value=0.0, EActionTrigger reason=0)
SCR_PlayerController	void ActionGesturePing (float value=0.0, EActionTrigger reason=0)
SCR_PlayerController	void ActionGesturePingHold (float value=0.0, EActionTrigger reason=0)
SCR_PlayerController	void ActionOpenInventory ()
SCR_PlayerController	void ChangeMagnification (float value)
SCR_PlayerController	void ChangeWeaponOptics ()
SCR_PlayerController	void DisconnectFromGame ()
SCR_PlayerController	void OnAuthorsRequestFinished (set< SCR_EditableEntityAuthor > activeUGCAuthors)
SCR_PlayerController	void OnBlockedListUpdated (bool success)
SCR_PlayerController	void OnBlockedPlayerJoined (int playerID)
SCR_PlayerController	void OnEndWalk ()
SCR_PlayerController	void OnPlayerNameCacheUpdate (bool success)
SCR_PlayerController	void OnPlayerRegistered (SCR_EditorManagerEntity managerEntity)
SCR_PlayerController	void OnRplMainEntityFromID ()
SCR_PlayerController	void OnWalk ()
SCR_PlayerController	void SetAIActivation (IEntity entity, bool activate)
SCR_PlayerController	void SetGadgetFocus (bool gadgetFocus)
SCR_PlayerController	void SetInitialMainEntity (notnull IEntity entity)
SCR_PlayerController	void SetIsBinocularsZoomed (bool value)
SCR_PlayerController	void SetPlatformImagePC (PlatformKind targetPlatformKind, notnull ImageWidget image, ImageWidget glow=null, bool setVisible=true)
SCR_PlayerController	void SetPlatformImagePSN (PlatformKind targetPlatformKind, notnull ImageWidget image, ImageWidget glow=null, bool setVisible=true)
SCR_PlayerController	void SetPlatformImageXbox (PlatformKind targetPlatformKind, notnull ImageWidget image, ImageWidget glow=null, bool setVisible=true)
SCR_PlayerController	void SetPossessedEntity (IEntity entity)
SCR_PlayerController	void UpdateControls ()
SCR_PlayerController	void UpdateLocalPlayerController ()
SCR_PlayerController	void UpdateTurretFireModeControlls (IEntity from, IEntity to)
SCR_PlayerController	void UpdateUI ()
SCR_PossessSpawnData	ResourceName GetPrefab ()
SCR_PossessSpawnData	RplId GetRplId ()
SCR_PossessSpawnData	RplId m_RplId
SCR_PossessSpawnData	bool m_bSkipPreload
SCR_PossessSpawnData	override bool GetSkipPreload ()
SCR_PossessSpawnData	override bool IsValid ()
SCR_PossessSpawnData	override void SetSkipPreload (bool skip)
SCR_PossessSpawnData	static SCR_PossessSpawnData FromEntity (notnull IEntity entity)
SCR_PossessSpawnData	static SCR_PossessSpawnData FromRplId (RplId id)
SCR_PossessSpawnData	vector GetAngles ()
SCR_PossessSpawnData	vector GetPosition ()
SCR_PossessSpawnData	void SCR_PossessSpawnData ()
SCR_PossessSpawnRequestComponent	PlayerController GetPlayerController ()
SCR_PossessSpawnRequestComponent	SCR_ChimeraAIAgent FindAIAgent (IEntity entity)
SCR_PossessSpawnRequestComponent	SCR_RespawnComponent GetRespawnComponent ()
SCR_PossessSpawnRequestComponent	SCR_SpawnHandlerComponent GetHandlerComponent ()
SCR_PossessSpawnRequestComponent	SCR_SpawnLockComponent GetLock ()
SCR_PossessSpawnRequestComponent	bool CanFinalize_S (SCR_SpawnHandlerComponent handler, SCR_SpawnData data, IEntity spawnedEntity)
SCR_PossessSpawnRequestComponent	bool CanRequestRespawn (SCR_SpawnData data)
SCR_PossessSpawnRequestComponent	bool IsOwner ()
SCR_PossessSpawnRequestComponent	bool IsPreloading ()
SCR_PossessSpawnRequestComponent	bool IsProxy ()
SCR_PossessSpawnRequestComponent	bool RequestRespawn (SCR_SpawnData data)
SCR_PossessSpawnRequestComponent	int GetPlayerId ()
SCR_PossessSpawnRequestComponent	override TypeName GetDataType ()
SCR_PossessSpawnRequestComponent	override TypeName GetHandlerType ()
SCR_PossessSpawnRequestComponent	override bool DoCanRequestRespawn (SCR_SpawnData data)
SCR_PossessSpawnRequestComponent	override bool DoRequestRespawn (SCR_SpawnData data)
SCR_PossessSpawnRequestComponent	override void OnPostInit (IEntity owner)
SCR_PossessSpawnRequestComponent	void AwaitFinalization_S (SCR_SpawnHandlerComponent handler, SCR_SpawnData data, IEntity spawnedEntity)
SCR_PossessSpawnRequestComponent	void FinalizeRequest_S (SCR_SpawnHandlerComponent handler, SCR_SpawnData data, IEntity spawnedEntity)
SCR_PossessSpawnRequestComponent	void NotifyPreloadFinished_S ()
SCR_PossessSpawnRequestComponent	void NotifyPreloadStarted_S ()
SCR_PossessSpawnRequestComponent	void OnFinalizeBegin_S (SCR_SpawnHandlerComponent handler, SCR_SpawnData data, IEntity spawnedEntity)
SCR_PossessSpawnRequestComponent	void ProcessCanRequest_S (SCR_SpawnData data)
SCR_PossessSpawnRequestComponent	void ProcessRequest_S (SCR_SpawnData data)
SCR_PossessSpawnRequestComponent	void Rpc_NotifyPreloadFinished_S ()
SCR_PossessSpawnRequestComponent	void Rpc_NotifyPreloadStarted_S ()
SCR_PossessSpawnRequestComponent	void Rpc_OnFinalizationBegin_O ()
SCR_PossessSpawnRequestComponent	void Rpc_SendCanResponse_O (SCR_ESpawnResult response)
SCR_PossessSpawnRequestComponent	void Rpc_SendResponse_O (SCR_ESpawnResult response)
SCR_PossessSpawnRequestComponent	void Rpc_StartPreload_O (vector position)
SCR_PossessSpawnRequestComponent	void SendCanResponse_S (SCR_ESpawnResult response, SCR_SpawnData data)
SCR_PossessSpawnRequestComponent	void SendFinalizationBegin_S ()
SCR_PossessSpawnRequestComponent	void SendResponse_S (SCR_ESpawnResult response, SCR_SpawnData data)
SCR_PossessSpawnRequestComponent	void StartSpawnPreload (vector position)
SCR_PossessSpawnRequestComponent	void ~SCR_SpawnRequestComponent ()
SCR_RespawnSystemComponent	GenericEntity RequestSpawn (int playerId)
SCR_RespawnSystemComponent	ResourceName m_sLoadingLayout
SCR_RespawnSystemComponent	ResourceName m_sSpawnPointRequestResultInfoHolder
SCR_RespawnSystemComponent	RplComponent GetRplComponent ()
SCR_RespawnSystemComponent	RplComponent m_RplComponent
SCR_RespawnSystemComponent	SCR_BaseGameMode m_pGameMode
SCR_RespawnSystemComponent	SCR_BaseSpawnPointRequestResultInfo GetSpawnPointRequestResultInfo (SCR_SpawnRequestComponent requestComponent, SCR_ESpawnResult response, SCR_SpawnData data)
SCR_RespawnSystemComponent	SCR_LoadingSpinner m_LoadingSpinner
SCR_RespawnSystemComponent	SCR_SpawnLogic GetSpawnLogic ()
SCR_RespawnSystemComponent	ScriptInvoker GetOnRespawnEnabledChanged ()
SCR_RespawnSystemComponent	Widget m_wLoadingPlaceholder
SCR_RespawnSystemComponent	bool CanRequestSpawn_S (SCR_SpawnRequestComponent requestComponent, SCR_SpawnHandlerComponent handlerComponent, SCR_SpawnData data, out SCR_ESpawnResult result=SCR_ESpawnResult.SPAWN_NOT_ALLOWED)
SCR_RespawnSystemComponent	bool IsFactionChangeAllowed ()
SCR_RespawnSystemComponent	bool IsPauseMenuRespawnEnabled ()
SCR_RespawnSystemComponent	bool IsRespawnEnabled ()
SCR_RespawnSystemComponent	bool OnTicksOnRemoteProxy ()
SCR_RespawnSystemComponent	bool PreparePlayerEntity_S (SCR_SpawnRequestComponent requestComponent, SCR_SpawnHandlerComponent handlerComponent, SCR_SpawnData data, IEntity entity)
SCR_RespawnSystemComponent	bool UsesLoadingPlaceholder ()
SCR_RespawnSystemComponent	bool m_bAudioMuted
SCR_RespawnSystemComponent	bool m_bEnablePauseMenuRespawn
SCR_RespawnSystemComponent	bool m_bEnableRespawn
SCR_RespawnSystemComponent	override bool OnRplLoad (ScriptBitReader r)
SCR_RespawnSystemComponent	override bool OnRplSave (ScriptBitWriter w)
SCR_RespawnSystemComponent	override void OnInit (IEntity owner)
SCR_RespawnSystemComponent	proto external GenericEntity DoSpawn (string prefab, vector position, vector rotation="0 0 0")
SCR_RespawnSystemComponent	ref SCR_SpawnLogic m_SpawnLogic
SCR_RespawnSystemComponent	ref SCR_SpawnPointRequestResultInfoConfig m_SpawnPointRequestResultInfoHolder
SCR_RespawnSystemComponent	ref ScriptInvoker Event_OnRespawnEnabledChanged
SCR_RespawnSystemComponent	ref SimplePreload m_Preload
SCR_RespawnSystemComponent	static MenuBase OpenRespawnMenu ()
SCR_RespawnSystemComponent	static SCR_RespawnSystemComponent GetInstance ()
SCR_RespawnSystemComponent	static void CloseRespawnMenu ()
SCR_RespawnSystemComponent	void CreateLoadingPlaceholder ()
SCR_RespawnSystemComponent	void DestroyLoadingPlaceholder ()
SCR_RespawnSystemComponent	void EmitPlayerEntityChange_S (int playerId, IEntity previousEntity, IEntity newEntity)
SCR_RespawnSystemComponent	void OnDelete (IEntity owner)
SCR_RespawnSystemComponent	void OnPlayerAuditSuccess_S (int playerId)
SCR_RespawnSystemComponent	void OnPlayerDeleted_S (int playerId)
SCR_RespawnSystemComponent	void OnPlayerDisconnected_S (int playerId, KickCauseCode cause, int timeout)
SCR_RespawnSystemComponent	void OnPlayerEntityChange_S (SCR_SpawnRequestComponent requestComponent, SCR_SpawnHandlerComponent handlerComponent, IEntity previousEntity, IEntity newEntity, SCR_SpawnData data)
SCR_RespawnSystemComponent	void OnPlayerEntityCleanup_S (notnull IEntity playerEntity)
SCR_RespawnSystemComponent	void OnPlayerKilled_S (int playerId, IEntity playerEntity, IEntity killerEntity, notnull Instigator killer)
SCR_RespawnSystemComponent	void OnPlayerRegistered_S (int playerId)
SCR_RespawnSystemComponent	void OnPlayerSpawnFinalize_S (SCR_SpawnRequestComponent requestComponent, SCR_SpawnHandlerComponent handlerComponent, SCR_SpawnData data, IEntity entity)
SCR_RespawnSystemComponent	void OnSpawnPlayerEntityFailure_S (SCR_SpawnRequestComponent requestComponent, SCR_SpawnHandlerComponent handlerComponent, IEntity entity, SCR_SpawnData data, SCR_ESpawnResult reason)
SCR_RespawnSystemComponent	void ServerSetEnableRespawn (bool enableSpawning)
SCR_RespawnSystemComponent	void SetEnableRespawnBroadcast (bool enableSpawning)
SCR_RespawnSystemComponent	void UpdateLoadingPlaceholder (float dt)
SCR_RespawnSystemComponent	void ~SCR_RespawnSystemComponent ()
SCR_SpawnPoint	RplComponent m_RplComponent
SCR_SpawnPoint	RplId GetRplId ()
SCR_SpawnPoint	SCR_FactionAffiliationComponent m_FactionAffiliationComponent
SCR_SpawnPoint	SCR_UIInfo GetInfo ()
SCR_SpawnPoint	SCR_UIInfo m_LinkedInfo
SCR_SpawnPoint	ScriptInvokerBool GetOnSpawnPointEnabled ()
SCR_SpawnPoint	array< SCR_Position > GetChildSpawnPoints ()
SCR_SpawnPoint	bool CanFinalizeSpawn_S (SCR_SpawnRequestComponent requestComponent, SCR_SpawnData data, IEntity entity)
SCR_SpawnPoint	bool CanReserveFor_S (int playerId, out SCR_ESpawnResult result=SCR_ESpawnResult.SPAWN_NOT_ALLOWED)
SCR_SpawnPoint	bool GetEmptyPositionAndRotationInRange (out vector pos, out vector rot)
SCR_SpawnPoint	bool GetRandomPositionAndRotation (out vector vOutPosition, out vector vOutRotation)
SCR_SpawnPoint	bool GetVisibleInDeployMapOnly ()
SCR_SpawnPoint	bool IsReservedFor_S (int playerId)
SCR_SpawnPoint	bool IsSpawnPointActive ()
SCR_SpawnPoint	bool IsSpawnPointEnabled ()
SCR_SpawnPoint	bool IsSpawnPointRandom ()
SCR_SpawnPoint	bool IsSpawnPointVisibleForPlayer (int pid)
SCR_SpawnPoint	bool IsTimed ()
SCR_SpawnPoint	bool PrepareSpawnedEntity_S (SCR_SpawnRequestComponent requestComponent, SCR_SpawnData data, IEntity entity)
SCR_SpawnPoint	bool ReserveFor_S (int playerId)
SCR_SpawnPoint	bool m_bForcedPosition
SCR_SpawnPoint	bool m_bRandomizedSpawn
SCR_SpawnPoint	bool m_bShowInDeployMapOnly
SCR_SpawnPoint	bool m_bSpawnPointEnabled
SCR_SpawnPoint	bool m_bTimedSpawnPoint
SCR_SpawnPoint	bool m_bUseNearbySpawnPositions
SCR_SpawnPoint	float GetRespawnTime ()
SCR_SpawnPoint	float GetSpawnPositionRange ()
SCR_SpawnPoint	float GetSpawnRadius ()
SCR_SpawnPoint	float m_fColliderHeight = m_fPlayerCylinderRadius * 2
SCR_SpawnPoint	float m_fColliderWidth = m_fPlayerCylinderRadius * 1.73205
SCR_SpawnPoint	float m_fPlayerCylinderHeight = 2
SCR_SpawnPoint	float m_fPlayerCylinderRadius = 0.5
SCR_SpawnPoint	float m_fRandomSpawnRadius
SCR_SpawnPoint	float m_fRespawnTime
SCR_SpawnPoint	float m_fSpawnPositionUsageRange
SCR_SpawnPoint	float m_fSpawnRadius = 10
SCR_SpawnPoint	int GetPriority ()
SCR_SpawnPoint	int m_iColor = Color.WHITE
SCR_SpawnPoint	int m_iPriority
SCR_SpawnPoint	int m_iRandomSpawnMaxAttempts
SCR_SpawnPoint	override bool RplLoad (ScriptBitReader reader)
SCR_SpawnPoint	override bool RplSave (ScriptBitWriter writer)
SCR_SpawnPoint	override int _WB_GetAfterWorldUpdateSpecs (IEntitySource src)
SCR_SpawnPoint	override void EOnInit (IEntity owner)
SCR_SpawnPoint	override void SetColorAndText ()
SCR_SpawnPoint	override void _WB_AfterWorldUpdate (float timeSlice)
SCR_SpawnPoint	ref SCR_UIInfo m_Info
SCR_SpawnPoint	ref ScriptInvokerBool m_OnSetSpawnPointEnabled
SCR_SpawnPoint	ref array< SCR_Position > m_aChildren = {}
SCR_SpawnPoint	ref set< int > m_ReservationLocks = new set<int>()
SCR_SpawnPoint	static SCR_SpawnPoint GetRandomSpawnPoint (SCR_ChimeraCharacter character)
SCR_SpawnPoint	static SCR_SpawnPoint GetRandomSpawnPointDeathmatch ()
SCR_SpawnPoint	static SCR_SpawnPoint GetRandomSpawnPointForFaction (string factionKey)
SCR_SpawnPoint	static SCR_SpawnPoint GetSpawnPointByIndex (int spawnPointIndex)
SCR_SpawnPoint	static SCR_SpawnPoint GetSpawnPointByRplId (RplId id)
SCR_SpawnPoint	static SCR_SpawnPointFinalizeSpawn_Invoker GetOnSpawnPointFinalizeSpawn ()
SCR_SpawnPoint	static array< SCR_SpawnPoint > GetSpawnPoints ()
SCR_SpawnPoint	static array< SCR_SpawnPoint > GetSpawnPointsForFaction (string factionKey)
SCR_SpawnPoint	static array< SCR_SpawnPoint > GetSpawnPointsForPlayer (SCR_ChimeraCharacter character)
SCR_SpawnPoint	static int CountSpawnPoints ()
SCR_SpawnPoint	static int GetSpawnPointCountForFaction (string factionKey)
SCR_SpawnPoint	static int GetSpawnPointIndex (SCR_SpawnPoint spawnPoint)
SCR_SpawnPoint	static ref SCR_SpawnPointFinalizeSpawn_Invoker s_OnSpawnPointFinalizeSpawn
SCR_SpawnPoint	static ref SCR_SpawnPointNameChanged_Invoker OnSpawnPointNameChanged = new SCR_SpawnPointNameChanged_Invoker()
SCR_SpawnPoint	static ref ScriptInvoker Event_OnSpawnPointCountChanged = new ScriptInvoker()
SCR_SpawnPoint	static ref ScriptInvoker Event_SpawnPointFactionAssigned = new ScriptInvoker()
SCR_SpawnPoint	static ref SpawnPointInvoker Event_SpawnPointAdded = new SpawnPointInvoker()
SCR_SpawnPoint	static ref SpawnPointInvoker Event_SpawnPointRemoved = new SpawnPointInvoker()
SCR_SpawnPoint	static void ShowSpawnPointDescriptors (bool show, Faction faction)
SCR_SpawnPoint	string GetFactionKey ()
SCR_SpawnPoint	string GetSpawnPointName ()
SCR_SpawnPoint	string m_sFaction
SCR_SpawnPoint	string m_sSpawnPointName
SCR_SpawnPoint	string m_sText = string.Empty
SCR_SpawnPoint	vector m_vCylinderVectorOffset = Vector(0, m_fPlayerCylinderHeight * 0.5, 0)
SCR_SpawnPoint	void ApplyFactionChange (FactionAffiliationComponent owner, Faction previousFaction, Faction newFaction)
SCR_SpawnPoint	void ClearReservationFor_S (int playerId)
SCR_SpawnPoint	void GetPositionAndRotation (out vector pos, out vector rot)
SCR_SpawnPoint	void InitFactionAffiliation (IEntity owner)
SCR_SpawnPoint	void LinkInfo (SCR_UIInfo info)
SCR_SpawnPoint	void OnFinalizeSpawnDone_S (SCR_SpawnRequestComponent requestComponent, SCR_SpawnData data, IEntity entity)
SCR_SpawnPoint	void OnSetEnabled ()
SCR_SpawnPoint	void OnSetFactionKey ()
SCR_SpawnPoint	void SCR_Position (IEntitySource src, IEntity parent)
SCR_SpawnPoint	void SCR_SpawnPoint (IEntitySource src, IEntity parent)
SCR_SpawnPoint	void SetFaction (Faction faction)
SCR_SpawnPoint	void SetFactionKey (string factionKey)
SCR_SpawnPoint	void SetInfo (SCR_UIInfo info)
SCR_SpawnPoint	void SetIsTimed (bool isTimed)
SCR_SpawnPoint	void SetPriority (int priority)
SCR_SpawnPoint	void SetRespawnTime (float time)
SCR_SpawnPoint	void SetSpawnPointEnabled_S (bool enabled)
SCR_SpawnPoint	void SetSpawnPointName (string name)
SCR_SpawnPoint	void SetSpawnPositionRange (float range)
SCR_SpawnPoint	void SetSpawnRadius (float radius)
SCR_SpawnPoint	void SetUseNearbySpawnPositions (bool use)
SCR_SpawnPoint	void SetVisibleInDeployMapOnly (bool visible)
SCR_SpawnPoint	void ~SCR_SpawnPoint ()
