# Stage S8 X8 — the S8 switch: the single-page app, the one outside consumer of the map engine, imports the rendering and streaming crates directly, and the map engine's and graphics engine's re-export shims go with both legacy crates. Paths name the tree before the moves.
# One row per module prefix of the S8 shim ledger, scoped to the single-page app. The shims were
# aliases, so the rows carry the alias: `frame` is `map_renderer` (its pump is `gpu_frame`'s
# `frame_pump`), `streaming::host` is `map_streaming_host`, `streaming::loaders` is
# `map_asset_loading`, `streaming::memory::budget` is `map_asset_loading::live_memory_budget`, and the
# three `streaming::bridge` modules are `map_streaming_model` modules. Prose spellings without a
# trailing segment (`map_engine::frame`) and Markdown are rewritten by hand.
kind	from	to	scope
#
# map_renderer and the GPU frame pump (V6a)
rust_path	map_engine::frame::RafPump::	gpu_frame::frame_pump::RafPump::	apps/frontend
rust_path	map_engine::frame::	map_renderer::	apps/frontend
#
# map_streaming_host and map_asset_loading (V4)
rust_path	map_engine::streaming::host::	map_streaming_host::	apps/frontend
rust_path	map_engine::streaming::loaders::	map_asset_loading::	apps/frontend
rust_path	map_engine::streaming::memory::budget::	map_asset_loading::live_memory_budget::	apps/frontend
#
# map_streaming_model (V0s)
rust_path	map_engine::streaming::bridge::progress::	map_streaming_model::boot_progress::	apps/frontend
rust_path	map_engine::streaming::bridge::host_preferences::	map_streaming_model::host_preferences::	apps/frontend
rust_path	map_engine::streaming::bridge::preferences::	map_streaming_model::world_layer_preferences::	apps/frontend
