# Stage S9 K2b, first of three: the role ladder, the session and account authority, the identity
# locks and the machine caller become api_caller_identity.
# The staging folder becomes the crate's src/ whole and its mod.rs the crate root. The module prefix
# is one `crate::` row scoped to the moved folder (first: a file two rows of one prefix both reach
# takes the earlier row), one `crate::` row scoped to the API source and one `api::` row scoped
# to the API package (its integration tests and the staging-fixtures binary). Grouped use trees
# were split before the rows ran.
kind	from	to	scope
#
# Folder and crate root
path	apps/api/src/kernel/caller_identity	crates/api/api_caller_identity/src
path	apps/api/src/kernel/caller_identity/mod.rs	crates/api/api_caller_identity/src/lib.rs
#
# Module prefix
rust_path	crate::kernel::caller_identity::	crate::	apps/api/src/kernel/caller_identity
rust_path	crate::kernel::caller_identity::	api_caller_identity::	apps/api/src
rust_path	api::kernel::caller_identity::	api_caller_identity::	apps/api
