# Stage S9 K3e: the match telemetry domain (the session-fenced heartbeat, the match registration,
# the results revisions, the detailed event batches and the event read) becomes
# api_match_telemetry.
# The domain folder becomes the crate's src/ whole (its README the source tree README) and its
# mod.rs the crate root. The module prefix is one `crate::` row scoped to the moved folder (first:
# a file two rows of one prefix both reach takes the earlier row), one `crate::` row scoped to the
# API source and one `api::` row scoped to the API package (its integration tests and the
# staging-fixtures binary).
kind	from	to	scope
#
# Folder and crate root
path	apps/api/src/match_telemetry	crates/api/api_match_telemetry/src
path	apps/api/src/match_telemetry/mod.rs	crates/api/api_match_telemetry/src/lib.rs
#
# Module prefix
rust_path	crate::match_telemetry::	crate::	apps/api/src/match_telemetry
rust_path	crate::match_telemetry::	api_match_telemetry::	apps/api/src
rust_path	api::match_telemetry::	api_match_telemetry::	apps/api
