# Stage S10 H1b, seventh foundation crate: the frontend's session (the session data and its
# persisted slice, the reactive store that implements the transport's token provider, the
# cross-tab session refresh, the sign-out hooks, the route guard and the two content gates)
# becomes crates/frontend/foundation/frontend_session. The folder becomes the crate's `src`, its
# module tree `lib.rs`, and its README the source tree README. The prefix is one `crate::` row
# scoped to the moved folder, one `frontend_session::` row scoped to the app's source, and one row
# for the entry point, which names the area without `crate::`.
kind	from	to	scope
path	apps/frontend/src/foundation/auth	crates/frontend/foundation/frontend_session/src
path	apps/frontend/src/foundation/auth/mod.rs	crates/frontend/foundation/frontend_session/src/lib.rs
rust_path	crate::foundation::auth::	crate::	apps/frontend/src/foundation/auth
rust_path	crate::foundation::auth::	frontend_session::	apps/frontend/src
rust_path	foundation::auth::	frontend_session::	apps/frontend/src/main.rs
