# Stage S10 H2f, page crate: the command center pages (the landing dashboard, the server intel
# panel and the announcement board) become crates/frontend/pages/command_center_pages. The folder
# becomes the crate's `src`, its module tree `lib.rs`, and its README the source tree README; the
# feature docs move to their mirror under documentation/crates/frontend/pages/command_center_pages.
# The prefix is one `crate::` row scoped to the moved folder and one `command_center_pages::` row
# scoped to the app's source.
kind	from	to	scope
path	apps/frontend/src/pages/command_center	crates/frontend/pages/command_center_pages/src
path	apps/frontend/src/pages/command_center/mod.rs	crates/frontend/pages/command_center_pages/src/lib.rs
path	documentation/apps/frontend/pages/command_center	documentation/crates/frontend/pages/command_center_pages
rust_path	crate::pages::command_center::	crate::	apps/frontend/src/pages/command_center
rust_path	crate::pages::command_center::	command_center_pages::	apps/frontend/src
