# Stage S7 Q2b — the map engine's editing commands become mission_editing_commands: the commands that run against the installed editing host keep their folder name, and the decidable half (export text, merge report, selection digest) becomes document_text. Paths name the tree before the move; the map engine's `editing` module keeps re-export shims at the old module paths until the stage switch.
kind	from	to	scope
#
# the hosted commands and the pure document texts become the two top-level modules of
# mission_editing_commands
path	legacy/map_engine/src/editing/hosted_commands	crates/mission_editing/mission_editing_commands/src/hosted_commands
path	legacy/map_engine/src/editing/commands	crates/mission_editing/mission_editing_commands/src/document_text
#
# the hosted commands reach the host, the post-change tail and undo grouping in the editing session
# (scopes name the folder before the move)
rust_path	crate::editing::history::	mission_editing_session::history::	legacy/map_engine/src/editing/hosted_commands
rust_path	crate::editing::host::	mission_editing_session::host::	legacy/map_engine/src/editing/hosted_commands
rust_path	crate::editing::batch::	mission_editing_session::batch::	legacy/map_engine/src/editing/hosted_commands
