# Stage S9 K1a, fifth of five: the property run recorder of the API's property tests becomes the
# dev-only crate crates/api/api_property_evidence; its negative controls become the crate's own tests.
# The library's unit tests reach it as `crate::property_evidence::` and the integration suites as
# `common::property_evidence::`; both now name the crate, a dev-dependency of the API.
kind	from	to	scope
#
# The recorder and its tests
path	apps/api/src/tests/property_evidence.rs	crates/api/api_property_evidence/src/property_run.rs
path	apps/api/src/tests/property_evidence_checks.rs	crates/api/api_property_evidence/src/tests/property_run.rs
#
# Module prefixes
# Inside the new crate, scoped to the folders that become it, first: a file two rows of one prefix
# both reach takes the earlier row
rust_path	crate::property_evidence::	crate::property_run::	apps/api/src/tests/property_evidence_checks.rs
#
# Every other consumer
rust_path	crate::property_evidence::	api_property_evidence::	apps/api/src
rust_path	common::property_evidence::	api_property_evidence::	apps/api/tests
